id,district_id,forecast_area_id,district_region_id,planning_area_id,inhabitants,inhabitants_with_migration_background_age_below_6,inhabitants_with_migration_background_age_6_15,inhabitants_with_migration_background_age_15_18,inhabitants_with_migration_background_age_18_27,inhabitants_with_migration_background_age_27_45,inhabitants_with_migration_background_age_45_55,inhabitants_with_migration_background_age_55_65,inhabitants_with_migration_background_age_above_65,inhabitants_with_migration_background_female,inhabitants_foreigners
01011101,01,01,11,01,100.0,137.0,107.0,23.0,389.0,742.0,169.0,184.0,204.0,932.0,1338.0
01011102,01,01,11,02,100.0,4.0,6.0,0.0,9.0,36.0,13.0,3.0,0.0,24.0,61.0
01011103,01,01,11,03,100.0,199.0,274.0,98.0,379.0,931.0,360.0,342.0,318.0,1365.0,1787.0
01011104,01,01,11,04,100.0,192.0,344.0,111.00000000000001,663.0,1090.0,358.0,208.0,158.0,1442.0,1909.0
01011105,01,01,11,05,100.0,71.0,55.00000000000001,6.0,73.0,341.0,121.0,86.0,76.0,393.0,605.0
01011201,01,01,12,01,100.0,90.0,122.0,43.0,214.0,524.0,154.0,140.0,126.0,632.0,964.0
01011202,01,01,12,02,100.0,17.0,33.0,6.0,24.0,156.0,30.0,19.0,21.0,141.0,238.0
01011203,01,01,12,03,100.0,45.0,42.0,18.0,60.0,225.99999999999997,88.0,52.0,47.0,278.0,404.0
01011204,01,01,12,04,100.0,326.0,332.0,75.0,492.0,1657.0,458.0,339.0,288.0,1987.0,2627.0
01011301,01,01,13,01,100.0,249.00000000000003,185.0,38.0,331.0,1483.0,354.0,147.0,142.0,1440.0,2077.0
01011302,01,01,13,02,100.0,385.0,486.00000000000006,107.0,523.0,2406.0,653.0,261.0,159.0,2437.0,3406.0
01011303,01,01,13,03,100.0,304.0,339.0,61.0,762.0,2254.0,473.00000000000006,227.0,206.99999999999997,2158.0,3386.9999999999995
01011304,01,01,13,04,100.0,348.0,386.0,123.0,527.0,1291.0,373.0,241.0,286.0,1839.9999999999998,2233.0
01011305,01,01,13,05,100.0,252.99999999999997,243.00000000000003,67.0,346.0,1351.0,420.0,195.0,188.0,1426.0,2005.0
01011306,01,01,13,06,100.0,358.0,309.0,70.0,1034.0,1832.9999999999998,429.0,248.0,186.0,2203.0,3044.0
01011401,01,01,14,01,100.0,666.0,642.0,137.0,933.0,3811.0,790.0,250.99999999999997,194.0,3670.0000000000005,5395.0
01011402,01,01,14,02,100.0,497.0,468.0,61.0,530.0,2872.0,575.0,147.0,143.0,2662.0,3625.0
01022101,01,02,21,01,100.0,136.0,180.0,46.0,316.0,707.0,252.99999999999997,155.0,117.0,838.0000000000001,1336.0
01022102,01,02,21,02,100.0,301.0,344.0,109.00000000000001,677.0,1470.0,520.0,357.0,275.0,1880.0,2816.0
01022103,01,02,21,03,100.0,23.0,33.0,6.0,27.0,67.0,26.0,15.0,12.0,91.0,146.0
01022104,01,02,21,04,100.0,629.0,848.0,240.0,1415.0,3432.0,1180.0,803.9999999999999,795.0,4260.0,6039.0
01022105,01,02,21,05,100.0,229.0,334.0,96.0,463.99999999999994,1115.0,397.0,260.0,231.0,1438.0,1995.0
01022106,01,02,21,06,100.0,282.0,372.0,90.0,521.0,1542.0,463.99999999999994,395.0,380.0,1994.0000000000002,2335.0
01022201,01,02,22,01,100.0,423.00000000000006,492.0,139.0,851.0,2083.0,682.0,404.0,364.0,2572.0,3352.0000000000005
01022202,01,02,22,02,100.0,105.0,172.0,43.0,166.0,468.0,167.0,83.0,84.0,642.0,657.0
01022203,01,02,22,03,100.0,389.0,532.0,134.0,548.0,1317.0,509.99999999999994,307.0,426.99999999999994,2078.0,2359.0
01022204,01,02,22,04,100.0,172.0,225.0,52.0,360.0,990.0,334.0,220.00000000000003,191.0,1193.0,1562.0
01022205,01,02,22,05,100.0,202.0,299.0,93.0,250.0,594.0,249.00000000000003,180.0,183.0,997.0000000000001,1078.0
01022206,01,02,22,06,100.0,87.0,119.0,35.0,184.0,434.0,164.0,98.0,115.99999999999999,591.0,679.0
01022207,01,02,22,07,100.0,144.0,135.0,47.0,745.0,881.0,278.0,180.0,215.0,1226.0,1875.0
01033101,01,03,31,01,100.0,1601.0000000000002,2186.0,635.0,2454.0,5563.0,2130.0,1237.0,1074.0,7923.999999999999,11108.0
01033102,01,03,31,02,100.0,621.0,885.0,276.0,1217.0,2427.0,1006.0,505.0,526.0,3543.0,4717.0
01033201,01,03,32,01,100.0,932.0,1423.0,405.99999999999994,1050.0,2818.0,1156.0,708.0,750.0,4542.0,4261.0
01033202,01,03,32,02,100.0,532.0,774.0,189.0,578.0,1741.0,692.0,488.99999999999994,514.0,2726.0,2621.0
01033203,01,03,32,03,100.0,797.0,1148.0,377.0,1428.0,3130.0,1175.0,660.0,608.0,4277.0,5886.0
01044101,01,04,41,01,100.0,788.0,1002.9999999999999,258.0,1331.0,3644.0,1367.0,910.0,745.0,4642.0,6399.0
01044102,01,04,41,02,100.0,631.0,649.0,173.0,792.0,2433.0,828.9999999999999,600.0,536.0,3175.0,3956.0
01044103,01,04,41,03,100.0,350.0,440.00000000000006,168.0,714.0,1719.0000000000002,615.0,341.0,268.0,2170.0,3210.0
01044201,01,04,42,01,100.0,1282.0,1935.0000000000002,603.0,2398.0,5542.0,2282.0,1306.0,1162.0,7643.000000000001,10626.0
01044202,01,04,42,02,100.0,675.0,849.0,277.0,1904.0,3954.0,1076.0,695.0,467.0,4421.0,6914.0
01044203,01,04,42,03,100.0,720.0,1029.0,277.0,1358.0,3447.0,1292.0,813.0000000000001,874.0,4486.0,6561.0
02010101,02,01,01,01,100.0,350.0,490.00000000000006,152.0,810.0,1689.0,595.0,341.0,275.0,2159.0,2841.0
02010102,02,01,01,02,100.0,772.0,1280.0,370.0,1074.0,2826.0,1302.0,765.0,800.0,4552.0,4508.0
02010103,02,01,01,03,100.0,993.0,1446.0,423.00000000000006,1279.0,3307.0,1594.0,847.0000000000001,908.0,5240.0,5453.0
02010104,02,01,01,04,100.0,215.0,454.0,149.0,360.0,1011.0,473.00000000000006,304.0,279.0,1572.0,1632.9999999999998
02020201,02,02,02,01,100.0,81.0,70.0,15.0,41.0,258.0,47.0,24.0,35.0,259.0,328.0
02020202,02,02,02,02,100.0,202.99999999999997,254.99999999999997,73.0,370.0,957.0,340.0,210.0,208.0,1251.0,1687.0
02020203,02,02,02,03,100.0,354.0,384.0,91.0,523.0,1788.0,558.0,357.0,262.0,2104.0,2650.0
02020204,02,02,02,04,100.0,405.99999999999994,413.0,146.0,692.0,2247.0,692.0,436.00000000000006,411.00000000000006,2565.0,3454.9999999999995
02020205,02,02,02,05,100.0,401.99999999999994,523.0,167.0,770.0,2243.0,844.0,503.0,509.0,2903.0,3572.0
02020206,02,02,02,06,100.0,652.0,911.0,257.0,1023.0,3495.0000000000005,1139.0,634.0,627.0,4268.0,5218.0
02030301,02,03,03,01,100.0,328.0,571.0,191.0,655.0,1897.0,868.0,501.99999999999994,705.0,2787.0,3435.0
02030302,02,03,03,02,100.0,466.0,726.0,208.0,839.0,2676.0,964.0,588.0,656.0,3442.0,4283.0
02030401,02,03,04,01,100.0,492.0,646.0,219.0,938.0000000000001,3150.0,986.9999999999999,500.0,595.0,3590.9999999999995,4904.0
02030402,02,03,04,02,100.0,347.0,455.99999999999994,132.0,692.0,2322.0,745.0,381.0,528.0,2662.0,3664.0
02040501,02,04,05,01,100.0,149.0,202.99999999999997,59.0,169.0,475.0,185.0,113.99999999999999,128.0,768.0,814.0
02040502,02,04,05,02,100.0,191.0,227.99999999999997,39.0,318.0,894.9999999999999,221.0,128.0,135.0,1104.0,1350.0
02040503,02,04,05,03,100.0,303.0,224.00000000000003,55.00000000000001,415.00000000000006,1427.0,267.0,117.0,124.0,1423.0,1891.0
02040701,02,04,07,01,100.0,474.0,458.0,149.0,994.0,1941.0,465.00000000000006,305.0,310.0,2501.0,3235.0
02040702,02,04,07,02,100.0,212.0,204.99999999999997,46.0,530.0,1463.0,211.0,144.0,87.0,1376.0,1945.0
02040703,02,04,07,03,100.0,87.0,95.0,20.0,127.0,391.0,43.0,21.0,13.0,345.0,696.0
02050601,02,05,06,01,100.0,250.99999999999997,162.0,32.0,425.0,1564.0,202.99999999999997,86.0,68.0,1314.0,1967.0000000000002
02050602,02,05,06,02,100.0,566.0,467.0,119.0,894.0,3529.0,529.0,239.0,165.0,3197.0,4554.0
02050801,02,05,08,01,100.0,521.0,493.0,145.0,1048.0,3532.0,529.0,231.99999999999997,96.0,3134.0,4778.0
02050802,02,05,08,02,100.0,482.0,342.0,52.0,1045.0,3925.0,462.0,186.0,123.0,3175.0,4847.0
02050803,02,05,08,03,100.0,214.0,112.99999999999999,25.0,434.0,1367.0,176.0,84.0,44.0,1131.0,1722.0
02050804,02,05,08,04,100.0,162.0,99.0,31.0,113.99999999999999,443.0,105.0,51.0,65.0,499.0,586.0
03010101,03,01,01,01,100.0,65.0,54.0,14.000000000000002,49.0,234.0,55.00000000000001,32.0,54.0,267.0,358.0
03010102,03,01,01,02,100.0,287.0,270.0,77.0,417.0,808.0,173.0,143.0,184.0,984.0,1778.0
03010104,03,01,01,04,100.0,4.0,10.0,0.0,0.0,24.0,9.0,0.0,0.0,13.0,26.0
03020203,03,02,02,03,100.0,54.0,74.0,6.0,51.0,128.0,25.0,17.0,22.0,164.0,292.0
03020209,03,02,02,09,100.0,252.99999999999997,303.0,70.0,463.0,763.0,252.99999999999997,97.0,172.0,1232.0,1378.0
03020210,03,02,02,10,100.0,224.00000000000003,222.00000000000003,54.0,132.0,540.0,215.0,112.99999999999999,132.0,802.9999999999999,910.0
03020307,03,02,03,07,100.0,264.0,348.0,101.0,181.0,687.0,292.0,204.0,280.0,1233.0,930.0000000000001
03030405,03,03,04,05,100.0,312.0,261.0,76.0,234.0,601.0,172.0,93.0,158.0,902.0,1082.0
03030406,03,03,04,06,100.0,89.0,82.0,15.0,56.99999999999999,184.0,79.0,73.0,112.99999999999999,375.0,267.0
03030711,03,03,07,11,100.0,48.0,75.0,27.0,40.0,109.00000000000001,49.0,40.0,86.0,250.99999999999997,184.0
03030715,03,03,07,15,100.0,174.0,176.0,66.0,274.0,450.0,140.0,87.0,83.0,586.0,1017.0
03030716,03,03,07,16,100.0,3.0,0.0,3.0,3.0,9.0,13.0,3.0,7.000000000000001,23.0,24.0
03040508,03,04,05,08,100.0,102.0,157.0,52.0,51.0,238.0,155.0,83.0,98.0,451.99999999999994,286.0
03040512,03,04,05,12,100.0,158.0,200.0,55.00000000000001,198.0,513.0,171.0,97.0,147.0,797.0,704.0
03040513,03,04,05,13,100.0,49.0,91.0,28.000000000000004,39.0,154.0,60.0,31.0,39.0,243.00000000000003,229.99999999999997
03040614,03,04,06,14,100.0,678.0,708.0,136.0,528.0,2001.0000000000002,556.0,257.0,434.0,2686.0,2828.0
03040818,03,04,08,18,100.0,653.0,551.0,126.0,709.0,2462.0,547.0,290.0,380.0,2870.0,3599.0
03050919,03,05,09,19,100.0,154.0,138.0,40.0,174.0,370.0,74.0,60.0,51.0,424.0,811.9999999999999
03050920,03,05,09,20,100.0,145.0,143.0,24.0,134.0,400.0,119.0,46.0,65.0,544.0,605.0
03050923,03,05,09,23,100.0,215.0,193.0,42.0,263.0,936.0,176.0,97.0,73.0,928.9999999999999,1316.0
03050924,03,05,09,24,100.0,146.0,156.0,39.0,213.0,602.0,146.0,79.0,36.0,651.0,1008.0
03050925,03,05,09,25,100.0,222.00000000000003,229.99999999999997,77.0,245.00000000000003,631.0,196.0,72.0,75.0,896.0000000000001,1126.0
03051017,03,05,10,17,100.0,79.0,46.0,11.0,206.99999999999997,376.0,78.0,44.0,49.0,381.0,631.0
03051021,03,05,10,21,100.0,84.0,97.0,23.0,92.0,252.0,78.0,47.0,75.0,380.0,497.0
03051022,03,05,10,22,100.0,34.0,60.0,12.0,28.000000000000004,120.0,45.0,26.0,46.0,200.0,192.0
03061126,03,06,11,26,100.0,375.0,329.0,74.0,682.0,2169.0,426.0,126.0,135.0,2053.0,2944.0
03061131,03,06,11,31,100.0,327.0,285.0,37.0,488.0,1891.0,344.0,113.99999999999999,63.0,1786.0,2495.0
03061227,03,06,12,27,100.0,336.0,269.0,52.0,492.0,2003.0,368.0,101.0,115.99999999999999,1872.0,2430.0
03061228,03,06,12,28,100.0,258.0,218.00000000000003,72.0,387.0,1485.0,290.0,134.0,141.0,1548.0,2012.0
03061332,03,06,13,32,100.0,716.0,691.0,131.0,732.0,3522.9999999999995,836.0,260.0,155.0,3553.0,4629.0
03061429,03,06,14,29,100.0,188.0,191.0,30.0,227.99999999999997,492.0,183.0,96.0,191.0,849.0,919.9999999999999
03061430,03,06,14,30,100.0,186.0,257.0,59.0,338.0,513.0,112.99999999999999,57.99999999999999,85.0,679.0,1338.0
03061434,03,06,14,34,100.0,139.0,114.99999999999999,22.0,210.0,911.0,132.0,64.0,57.99999999999999,825.0,1159.0
03061435,03,06,14,35,100.0,87.0,103.0,32.0,151.0,499.0,111.00000000000001,56.99999999999999,50.0,532.0,738.0
03061441,03,06,14,41,100.0,107.0,164.0,12.0,41.0,231.0,94.0,21.0,16.0,364.0,347.0
03071536,03,07,15,36,100.0,328.0,408.0,88.0,483.0,1898.0,516.0,107.0,105.0,1938.0,2683.0
03071537,03,07,15,37,100.0,599.0,527.0,110.00000000000001,531.0,2604.0,648.0,248.0,168.0,2727.0,3770.0000000000005
03071633,03,07,16,33,100.0,115.99999999999999,96.0,25.0,111.00000000000001,465.00000000000006,62.0,30.0,53.0,438.0,618.0
03071638,03,07,16,38,100.0,594.0,540.0,109.00000000000001,582.0,2768.0,592.0,180.0,170.0,2790.0,3658.0
03071639,03,07,16,39,100.0,313.0,411.00000000000006,71.0,329.0,1502.0,384.0,185.0,93.0,1676.0000000000002,2074.0
04010101,04,01,01,01,100.0,405.99999999999994,522.0,121.0,590.0,1688.0,682.0,544.0,484.99999999999994,2481.0,2868.0
04010102,04,01,01,02,100.0,51.0,48.0,13.0,56.99999999999999,100.0,38.0,22.0,21.0,123.0,286.0
04010103,04,01,01,03,100.0,409.0,550.0,160.0,423.00000000000006,1269.0,623.0,384.0,377.0,2164.0,2063.0
04020204,04,02,02,04,100.0,3.0,19.0,6.0,9.0,6.0,6.0,7.000000000000001,15.0,25.0,36.0
04020205,04,02,02,05,100.0,15.0,43.0,13.0,57.99999999999999,95.0,56.00000000000001,34.0,25.0,159.0,204.99999999999997
04020206,04,02,02,06,100.0,53.0,60.0,13.0,85.0,225.99999999999997,90.0,81.0,115.99999999999999,358.0,421.0
04020207,04,02,02,07,100.0,65.0,77.0,28.000000000000004,85.0,254.99999999999997,113.99999999999999,75.0,59.0,370.0,441.0
04020208,04,02,02,08,100.0,40.0,133.0,27.0,71.0,177.0,144.0,83.0,92.0,392.0,408.0
04020209,04,02,02,09,100.0,63.0,70.0,18.0,411.00000000000006,440.00000000000006,94.0,85.0,46.0,612.0,922.0000000000001
04020310,04,02,03,10,100.0,23.0,3.0,0.0,149.0,123.0,20.0,16.0,3.0,162.0,272.0
04020311,04,02,03,11,100.0,323.0,474.0,154.0,692.0,1594.0,719.0,438.99999999999994,575.0,2301.0,3003.0
04020312,04,02,03,12,100.0,142.0,209.0,39.0,248.0,558.0,198.0,154.0,189.0,836.9999999999999,1078.0
04020313,04,02,03,13,100.0,227.0,261.0,62.0,385.0,992.0,346.0,270.0,320.0,1397.0,1761.0
04020314,04,02,03,14,100.0,0.0,0.0,0.0,0.0,3.0,0.0,3.0,3.0,0.0,9.0
04030415,04,03,04,15,100.0,73.0,95.0,25.0,259.0,578.0,190.0,149.0,177.0,702.0,1147.0
04030416,04,03,04,16,100.0,412.0,505.0,150.0,569.0,1553.0,722.0,552.0,675.0,2644.0,2849.0
04030417,04,03,04,17,100.0,334.0,430.99999999999994,112.99999999999999,446.0,1423.0,609.0,375.0,476.0,2118.0,2500.0
04030518,04,03,05,18,100.0,293.0,338.0,91.0,484.0,1482.0,613.0,447.0,513.0,2106.0,2512.0
04030519,04,03,05,19,100.0,198.0,267.0,63.0,278.0,997.0000000000001,370.0,250.0,225.99999999999997,1251.0,1596.0
04030620,04,03,06,20,100.0,234.0,332.0,93.0,404.0,1340.0,594.0,428.0,478.0,1945.0,2273.0
04030621,04,03,06,21,100.0,113.99999999999999,129.0,48.0,229.0,589.0,267.0,144.0,179.0,779.0,1052.0
04030622,04,03,06,22,100.0,350.0,430.0,119.0,523.0,1680.0,742.0,570.0,642.0,2538.0,2942.0
04030623,04,03,06,23,100.0,202.0,225.99999999999997,55.00000000000001,329.0,1021.0000000000001,396.0,261.0,349.0,1454.0,1642.0000000000002
04030724,04,03,07,24,100.0,160.0,210.0,48.0,277.0,797.0,291.0,270.0,430.99999999999994,1321.0,1495.0
04030725,04,03,07,25,100.0,319.0,469.00000000000006,147.0,616.0,1739.0,714.0,515.0,508.0,2441.0,3272.9999999999995
04030726,04,03,07,26,100.0,197.0,211.0,87.0,266.0,802.9999999999999,368.0,288.0,331.0,1330.0,1592.0
04030827,04,03,08,27,100.0,412.0,513.0,160.0,754.0,2123.0,969.9999999999999,702.0,787.0,3127.0,4117.0
04030828,04,03,08,28,100.0,239.0,332.0,86.0,509.99999999999994,1456.0,667.0,503.0,551.0,2195.0,2776.0
04030929,04,03,09,29,100.0,173.0,202.0,63.0,242.0,843.0,391.0,362.0,379.0,1303.0,1647.0
04030930,04,03,09,30,100.0,122.0,199.0,52.0,194.0,693.0,411.00000000000006,383.0,401.99999999999994,1176.0,1533.0
04030931,04,03,09,31,100.0,138.0,189.0,47.0,180.0,696.0,316.0,231.0,328.0,1019.0,1449.0
04031032,04,03,10,32,100.0,471.0,556.0,163.0,613.0,2165.0,911.0,768.0,853.9999999999999,3308.0,3865.0
04041133,04,04,11,33,100.0,0.0,0.0,3.0,8.0,6.0,6.0,3.0,0.0,7.000000000000001,23.0
04041134,04,04,11,34,100.0,146.0,285.0,36.0,231.0,592.0,352.0,187.0,298.0,1090.0,1171.0
04041135,04,04,11,35,100.0,75.0,118.0,30.0,63.0,257.0,153.0,152.0,146.0,515.0,532.0
04041136,04,04,11,36,100.0,78.0,128.0,46.0,61.0,308.0,182.0,130.0,136.0,586.0,586.0
04041137,04,04,11,37,100.0,239.0,318.0,94.0,292.0,1003.9999999999999,448.00000000000006,331.0,370.0,1610.0000000000002,1695.0
04041238,04,04,12,38,100.0,177.0,313.0,77.0,175.0,596.0,338.0,208.0,210.0,1077.0,1019.0
04041239,04,04,12,39,100.0,3.0,23.0,3.0,21.0,31.0,24.0,6.0,7.000000000000001,49.0,88.0
04041240,04,04,12,40,100.0,21.0,43.0,21.0,43.0,112.99999999999999,85.0,35.0,56.99999999999999,221.0,216.0
04041241,04,04,12,41,100.0,136.0,159.0,40.0,178.0,479.0,235.0,202.99999999999997,223.0,848.0,874.0
04041342,04,04,13,42,100.0,78.0,125.0,41.0,86.0,374.0,233.0,206.99999999999997,216.0,685.0,728.0
04041343,04,04,13,43,100.0,80.0,99.0,31.0,110.00000000000001,328.0,128.0,161.0,162.0,577.0,552.0
04041344,04,04,13,44,100.0,225.99999999999997,317.0,77.0,237.0,807.0,492.0,319.0,418.0,1471.0,1705.0
04051445,04,05,14,45,100.0,200.0,271.0,79.0,240.0,866.0,384.0,324.0,322.0,1401.0,1443.0
04051446,04,05,14,46,100.0,360.0,409.99999999999994,88.0,413.0,1457.0,662.0,553.0,681.0,2317.0,2660.0
04051447,04,05,14,47,100.0,121.0,174.0,64.0,227.99999999999997,610.0,326.0,313.0,328.0,1136.0,1287.0
04051448,04,05,14,48,100.0,284.0,305.0,96.0,426.99999999999994,1459.0,612.0,505.0,689.0,2141.0,2745.0
04051549,04,05,15,49,100.0,175.0,272.0,82.0,225.99999999999997,640.0,261.0,183.0,174.0,971.0000000000001,1282.0
04051550,04,05,15,50,100.0,148.0,227.99999999999997,61.0,283.0,770.0,335.0,249.00000000000003,241.0,1159.0,1384.0
04051551,04,05,15,51,100.0,153.0,157.0,49.0,237.0,650.0,233.0,184.0,222.00000000000003,919.0,1084.0
04051652,04,05,16,52,100.0,262.0,352.0,107.0,426.99999999999994,1257.0,546.0,432.0,509.99999999999994,1927.0,2406.0
04051653,04,05,16,53,100.0,202.99999999999997,237.0,88.0,344.0,917.0,423.00000000000006,314.0,412.0,1464.0,1750.0
04051654,04,05,16,54,100.0,52.0,86.0,30.0,136.0,372.0,146.0,125.0,152.0,536.0,657.0
04051655,04,05,16,55,100.0,227.0,273.0,109.00000000000001,326.0,1002.0,467.0,315.0,322.0,1521.0,1779.0
04051656,04,05,16,56,100.0,173.0,276.0,68.0,289.0,831.0,367.0,233.0,242.0,1217.0,1459.0
04061757,04,06,17,57,100.0,0.0,0.0,0.0,13.0,0.0,0.0,0.0,3.0,0.0,13.0
05010101,05,01,01,01,100.0,279.0,442.0,105.0,280.0,872.0000000000001,352.0,240.0,249.00000000000003,1398.0,1369.0
05010102,05,01,01,02,100.0,161.0,152.0,45.0,224.00000000000003,511.00000000000006,221.0,155.0,169.0,797.0,996.0000000000001
05010103,05,01,01,03,100.0,130.0,180.0,41.0,134.0,415.00000000000006,193.0,188.0,160.0,702.0,676.0
05010204,05,01,02,04,100.0,180.0,288.0,92.0,192.0,385.0,183.0,114.99999999999999,129.0,841.0,882.0
05010205,05,01,02,05,100.0,33.0,80.0,28.999999999999996,59.0,158.0,102.0,68.0,40.0,295.0,212.0
05010206,05,01,02,06,100.0,453.0,573.0,169.0,430.99999999999994,1160.0,527.0,425.0,364.0,2003.0,2081.0
05010207,05,01,02,07,100.0,535.0,822.0000000000001,227.0,539.0,1639.9999999999998,754.0,667.0,624.0,3004.0,2546.0
05010208,05,01,02,08,100.0,307.0,317.0,64.0,312.0,885.0,326.0,219.0,211.0,1260.0,1528.0
05010209,05,01,02,09,100.0,188.0,238.0,70.0,195.0,514.0,291.0,193.0,177.0,916.0,853.9999999999999
05010310,05,01,03,10,100.0,186.0,177.0,27.0,158.0,525.0,174.0,80.0,90.0,723.0,846.0000000000001
05010311,05,01,03,11,100.0,231.99999999999997,421.0,126.0,300.0,816.0,374.0,248.0,290.0,1432.0,1338.0
05010312,05,01,03,12,100.0,374.0,515.0,151.0,525.0,1410.0,500.0,297.0,266.0,1820.0,2917.0
05010313,05,01,03,13,100.0,282.0,321.0,100.0,433.0,858.0,409.99999999999994,241.0,183.0,1317.0,1741.0
05010314,05,01,03,14,100.0,476.99999999999994,546.0,167.0,567.0,1563.0,707.0,488.0,426.99999999999994,2415.0,2839.0
05010339,05,01,03,39,100.0,94.0,155.0,46.0,106.0,220.00000000000003,39.0,15.0,30.0,277.0,652.0
05020415,05,02,04,15,100.0,62.0,126.0,46.0,56.00000000000001,147.0,154.0,118.0,60.0,398.0,200.0
05020416,05,02,04,16,100.0,9.0,9.0,0.0,6.0,12.0,27.0,15.0,15.0,51.0,33.0
05020417,05,02,04,17,100.0,141.0,241.0,68.0,229.99999999999997,451.99999999999994,283.0,202.99999999999997,210.0,848.0,910.0
05020418,05,02,04,18,100.0,133.0,174.0,45.0,155.0,355.0,112.99999999999999,79.0,103.0,507.0,716.0
05020419,05,02,04,19,100.0,210.0,262.0,65.0,184.0,604.0,229.0,197.0,167.0,981.0,953.9999999999999
05020420,05,02,04,20,100.0,22.0,18.0,12.0,25.0,49.0,21.0,12.0,26.0,91.0,87.0
05020521,05,02,05,21,100.0,66.0,134.0,51.0,68.0,214.0,141.0,98.0,51.0,417.0,272.0
05020522,05,02,05,22,100.0,438.0,558.0,139.0,400.0,1071.0,415.00000000000006,259.0,224.00000000000003,1743.0,2248.0
05020523,05,02,05,23,100.0,832.0,1241.0,332.0,799.0,2005.0,869.9999999999999,616.0,561.0,3602.0000000000005,3703.0
05020524,05,02,05,24,100.0,122.0,138.0,36.0,164.0,323.0,179.0,167.0,143.0,637.0,563.0
05020625,05,02,06,25,100.0,245.00000000000003,306.0,88.0,400.0,852.9999999999999,325.0,248.0,242.0,1261.0,1560.0
05020626,05,02,06,26,100.0,582.0,696.0,189.0,942.0,2166.0,902.0,564.0,505.99999999999994,3032.0,4099.0
05020627,05,02,06,27,100.0,183.0,321.0,106.0,269.0,559.0,245.00000000000003,145.0,124.0,899.0,1217.0
05020628,05,02,06,28,100.0,40.0,68.0,16.0,47.0,121.0,68.0,82.0,44.0,237.0,227.0
05020629,05,02,06,29,100.0,71.0,82.0,31.0,52.0,165.0,118.0,71.0,117.0,373.0,345.0
05030730,05,03,07,30,100.0,213.0,344.0,91.0,195.0,642.0,363.0,178.0,127.0,1060.0,728.0
05030731,05,03,07,31,100.0,446.0,574.0,140.0,472.0,1458.0,654.0,611.0,528.0,2444.0,2284.0
05030832,05,03,08,32,100.0,517.0,656.0,179.0,610.0,1657.9999999999998,692.0,524.0,548.0,2626.0,2979.0
05030833,05,03,08,33,100.0,15.0,18.0,3.0,39.0,64.0,34.0,22.0,26.0,111.00000000000001,104.0
05040934,05,04,09,34,100.0,95.0,183.0,52.0,124.0,222.00000000000003,81.0,95.0,101.0,415.00000000000006,594.0
05040935,05,04,09,35,100.0,3.0,3.0,6.0,18.0,36.0,12.0,13.0,14.000000000000002,40.0,73.0
05040936,05,04,09,36,100.0,190.0,334.0,67.0,93.0,365.0,247.00000000000003,200.0,174.0,885.0,548.0
05040937,05,04,09,37,100.0,20.0,47.0,19.0,28.000000000000004,54.0,49.0,40.0,63.0,174.0,109.00000000000001
05040938,05,04,09,38,100.0,36.0,99.0,28.000000000000004,51.0,95.0,97.0,37.0,74.0,273.0,188.0
06010101,06,01,01,01,100.0,145.0,204.99999999999997,80.0,204.99999999999997,459.99999999999994,270.0,199.0,195.0,897.0000000000001,916.0
06010102,06,01,01,02,100.0,292.0,322.0,98.0,326.0,1051.0,438.99999999999994,303.0,305.0,1616.0,1689.9999999999998
06010103,06,01,01,03,100.0,163.0,234.0,49.0,184.0,650.0,287.0,178.0,242.0,1050.0,1009.0
06010204,06,01,02,04,100.0,186.0,259.0,68.0,234.0,710.0,315.0,273.0,252.0,1157.0,1121.0
06010205,06,01,02,05,100.0,267.0,318.0,82.0,310.0,1010.0,426.0,307.0,270.0,1522.0,1530.0
06010206,06,01,02,06,100.0,187.0,231.0,46.0,196.0,701.0,299.0,206.99999999999997,321.0,1107.0,1141.0
06010207,06,01,02,07,100.0,214.0,293.0,74.0,242.0,816.0,329.0,282.0,278.0,1272.0,1298.0
06010208,06,01,02,08,100.0,163.0,206.0,49.0,191.0,632.0,283.0,208.0,252.0,1011.0,1024.0
06010209,06,01,02,09,100.0,280.0,286.0,73.0,298.0,975.0,424.0,331.0,336.0,1548.0,1569.0
06010210,06,01,02,10,100.0,126.0,132.0,22.0,134.0,443.0,200.99999999999997,149.0,140.0,697.0,717.0
06020301,06,02,03,01,100.0,88.0,117.0,40.0,102.0,355.0,155.0,110.00000000000001,140.0,559.0,519.0
06020302,06,02,03,02,100.0,135.0,162.0,51.0,119.0,381.0,172.0,151.0,190.0,717.0,635.0
06020303,06,02,03,03,100.0,215.0,229.0,56.00000000000001,214.0,749.0,282.0,229.0,191.0,1098.0,1123.0
06020304,06,02,03,04,100.0,196.0,213.0,61.0,198.0,633.0,265.0,213.0,187.0,986.9999999999999,999.0
06020305,06,02,03,05,100.0,338.0,425.0,107.0,528.0,1119.0,490.00000000000006,333.0,441.0,1939.0,1930.9999999999998
06020306,06,02,03,06,100.0,107.0,137.0,31.0,105.0,298.0,206.99999999999997,143.0,178.0,618.0,511.00000000000006
06020407,06,02,04,07,100.0,190.0,311.0,69.0,246.0,671.0,308.0,250.0,239.0,1151.0,1142.0
06020408,06,02,04,08,100.0,176.0,239.0,82.0,239.0,518.0,250.99999999999997,197.0,173.0,934.0,1026.0
06020409,06,02,04,09,100.0,183.0,222.00000000000003,81.0,211.0,565.0,318.0,237.0,227.0,1027.0,1104.0
06020410,06,02,04,10,100.0,98.0,156.0,42.0,202.99999999999997,371.0,149.0,154.0,185.0,672.0,785.0
06020411,06,02,04,11,100.0,187.0,327.0,86.0,181.0,527.0,269.0,234.0,240.0,1094.0,930.0000000000001
06030501,06,03,05,01,100.0,96.0,166.0,37.0,268.0,349.0,171.0,95.0,131.0,574.0,811.0
06030502,06,03,05,02,100.0,108.0,182.0,61.0,119.0,360.0,172.0,154.0,152.0,692.0,676.0
06030503,06,03,05,03,100.0,284.0,437.0,124.0,302.0,949.0,480.0,344.0,381.0,1705.9999999999998,1707.0
06030504,06,03,05,04,100.0,197.0,360.0,104.0,271.0,521.0,347.0,267.0,339.0,1274.0,1200.0
06030605,06,03,06,05,100.0,128.0,211.0,73.0,229.99999999999997,618.0,294.0,178.0,215.0,992.0,1075.0
06030606,06,03,06,06,100.0,148.0,196.0,62.0,238.0,488.99999999999994,247.00000000000003,168.0,176.0,869.9999999999999,976.0
06030607,06,03,06,07,100.0,51.0,93.0,21.0,321.0,310.0,96.0,77.0,76.0,505.99999999999994,720.0
06030608,06,03,06,08,100.0,354.0,638.0,161.0,433.0,986.0,553.0,337.0,310.0,1814.9999999999998,1841.0
06030609,06,03,06,09,100.0,252.99999999999997,388.0,112.99999999999999,323.0,852.9999999999999,409.0,340.0,279.0,1538.0,1592.0
06030610,06,03,06,10,100.0,145.0,295.0,62.0,202.0,479.0,295.0,191.0,249.00000000000003,1006.0,1029.0
06040701,06,04,07,01,100.0,200.99999999999997,311.0,87.0,198.0,482.0,361.0,217.0,329.0,1127.0,1182.0
06040702,06,04,07,02,100.0,118.0,199.0,68.0,136.0,295.0,158.0,141.0,158.0,636.0,649.0
06040703,06,04,07,03,100.0,154.0,282.0,77.0,944.0,860.0,313.0,229.0,297.0,1539.0,2177.0
06040804,06,04,08,04,100.0,113.99999999999999,209.0,60.0,133.0,282.0,206.99999999999997,129.0,227.0,710.0,675.0
06040805,06,04,08,05,100.0,98.0,168.0,50.0,129.0,283.0,151.0,133.0,156.0,623.0,591.0
06040806,06,04,08,06,100.0,91.0,154.0,45.0,148.0,273.0,162.0,134.0,133.0,614.0,588.0
06040807,06,04,08,07,100.0,93.0,196.0,32.0,136.0,366.0,202.0,129.0,184.0,711.0,707.0
06040808,06,04,08,08,100.0,172.0,314.0,104.0,157.0,413.0,288.0,138.0,142.0,892.0,672.0
06040809,06,04,08,09,100.0,91.0,184.0,59.0,150.0,361.0,229.0,171.0,243.00000000000003,765.0,911.0
06040810,06,04,08,10,100.0,168.0,288.0,99.0,246.0,522.0,317.0,258.0,216.0,1120.0,1131.0
07010101,07,01,01,01,100.0,265.0,393.0,91.0,476.99999999999994,1577.0,735.0,633.0,640.0,2255.0,2905.0
07010102,07,01,01,02,100.0,656.0,989.0,318.0,1197.0,2924.0,1344.0,952.0,997.0000000000001,4511.0,5818.0
07010103,07,01,01,03,100.0,295.0,365.0,122.0,484.99999999999994,1413.0,570.0,426.99999999999994,391.0,1964.9999999999998,2466.0
07010104,07,01,01,04,100.0,525.0,802.9999999999999,216.0,944.0,2426.0,1174.0,768.0,952.9999999999999,3764.0,4716.0
07020201,07,02,02,01,100.0,274.0,370.0,95.0,424.0,1269.0,567.0,374.0,424.0,1939.0,2053.0
07020202,07,02,02,02,100.0,341.0,401.0,133.0,529.0,1663.0,566.0,388.0,365.0,2058.0,2595.0
07020203,07,02,02,03,100.0,583.0,755.0,254.99999999999997,944.0,2735.0,1119.0,769.0,776.0,3828.0,4670.0
07020204,07,02,02,04,100.0,376.0,413.99999999999994,102.0,583.0,1623.9999999999998,576.0,377.0,355.0,2170.0,2591.0
07030301,07,03,03,01,100.0,557.0,777.0,200.99999999999997,797.0,2120.0,907.0,661.0,620.0,3436.9999999999995,3585.0
07030302,07,03,03,02,100.0,212.0,307.0,99.0,381.0,911.0,413.0,320.0,339.0,1538.0,1550.0
07030303,07,03,03,03,100.0,445.0,630.0,176.0,633.0,1698.0,772.0,501.99999999999994,476.99999999999994,2652.0,2721.0
07040401,07,04,04,01,100.0,668.0,902.9999999999999,214.0,971.0000000000001,2521.0,1035.0,653.0,655.0,3633.0,4231.0
07040402,07,04,04,02,100.0,46.0,57.99999999999999,21.0,27.0,156.0,92.0,51.0,54.0,246.0,213.0
07040403,07,04,04,03,100.0,838.0000000000001,981.0,263.0,1052.0,3191.0,1138.0,733.0,755.0,4402.0,4895.0
07040404,07,04,04,04,100.0,101.0,143.0,40.0,147.0,338.0,188.0,137.0,199.0,639.0,614.0
07040405,07,04,04,05,100.0,432.0,536.0,167.0,547.0,1621.0,596.0,377.0,358.0,2272.0,2537.0
07040406,07,04,04,06,100.0,271.0,246.0,36.0,310.0,902.0,284.0,145.0,112.99999999999999,1053.0,1431.0
07050501,07,05,05,01,100.0,651.0,729.0,204.99999999999997,705.0,2086.0,841.0,612.0,617.0,3240.0,3317.0
07050502,07,05,05,02,100.0,241.0,322.0,115.99999999999999,322.0,969.9999999999999,430.99999999999994,296.0,257.0,1441.0,1614.9999999999998
07050503,07,05,05,03,100.0,278.0,299.0,84.0,289.0,972.0000000000001,377.0,337.0,325.0,1483.0,1426.0
07050504,07,05,05,04,100.0,161.0,227.99999999999997,54.0,189.0,515.0,259.0,235.0,150.0,875.0,796.0
07050505,07,05,05,05,100.0,275.0,386.0,100.0,339.0,836.0,425.0,288.0,339.0,1483.0,1374.0
07050506,07,05,05,06,100.0,42.0,77.0,20.0,56.99999999999999,154.0,94.0,54.0,66.0,276.0,250.0
07060601,07,06,06,01,100.0,424.0,638.0,190.0,501.99999999999994,1130.0,522.0,379.0,378.0,2013.0,2292.0
07060602,07,06,06,02,100.0,79.0,158.0,28.999999999999996,93.0,297.0,177.0,115.99999999999999,142.0,525.0,454.0
07060603,07,06,06,03,100.0,105.0,196.0,44.0,117.0,264.0,158.0,97.0,89.0,533.0,484.0
07060604,07,06,06,04,100.0,495.0,662.0,173.0,468.0,1553.0,649.0,678.0,686.0,2765.0,2055.0
07070701,07,07,07,01,100.0,204.99999999999997,329.0,91.0,182.0,646.0,308.0,204.0,259.0,1108.0,986.9999999999999
07070702,07,07,07,02,100.0,218.00000000000003,307.0,92.0,176.0,558.0,364.0,231.0,225.99999999999997,1101.0,840.0
07070703,07,07,07,03,100.0,172.0,212.0,79.0,171.0,428.0,307.0,252.0,212.0,938.0000000000001,830.0000000000001
07070704,07,07,07,04,100.0,360.0,604.0,191.0,324.0,810.0,412.0,327.0,301.0,1672.0,1850.0
07070705,07,07,07,05,100.0,119.0,160.0,42.0,134.0,299.0,213.0,128.0,126.0,628.0,515.0
07070706,07,07,07,06,100.0,98.0,140.0,22.0,134.0,222.00000000000003,89.0,88.0,60.0,388.0,519.0
07070707,07,07,07,07,100.0,70.0,63.0,21.0,42.0,133.0,71.0,39.0,49.0,279.0,236.0
08010115,08,01,01,15,100.0,43.0,27.0,9.0,27.0,149.0,34.0,51.0,35.0,165.0,235.0
08010116,08,01,01,16,100.0,146.0,143.0,56.99999999999999,250.0,773.0,275.0,190.0,199.0,911.0,1340.0
08010117,08,01,01,17,100.0,575.0,723.0,199.0,961.9999999999999,3669.0,925.0,522.0,573.0,3796.0,5449.0
08010118,08,01,01,18,100.0,618.0,944.9999999999999,265.0,980.0000000000001,2646.0,893.0,499.0,379.0,3436.0,4444.0
08010211,08,01,02,11,100.0,381.0,549.0,154.0,761.0,2383.0,726.0,462.0,418.0,2792.0,3926.0
08010212,08,01,02,12,100.0,391.0,753.0,247.00000000000003,478.0,1572.0,669.0,446.0,494.00000000000006,2490.0,2570.0
08010213,08,01,02,13,100.0,575.0,699.0,217.0,906.0,2648.0,864.0,430.0,466.0,3247.0,4374.0
08010214,08,01,02,14,100.0,318.0,529.0,170.0,635.0,1625.0,633.0,376.0,302.0,2232.0,2917.0
08010301,08,01,03,01,100.0,964.0,1184.0,318.0,1517.0,6033.0,1630.9999999999998,923.0,902.0,6528.0,8678.0
08010302,08,01,03,02,100.0,93.0,163.0,53.0,142.0,476.99999999999994,177.0,124.0,122.0,673.0,787.0
08010303,08,01,03,03,100.0,357.0,557.0,137.0,658.0,2189.0,602.0,359.0,342.0,2468.0,3442.0
08010404,08,01,04,04,100.0,981.0,1329.0,361.0,1594.0,5053.0,1395.0,875.0,855.0000000000001,5862.0,8102.0
08010405,08,01,04,05,100.0,296.0,426.0,119.0,530.0,1812.0,470.0,293.0,236.0,2044.0000000000002,2758.0
08010406,08,01,04,06,100.0,520.0,577.0,146.0,514.0,1510.0,450.0,270.0,220.00000000000003,2007.9999999999998,2772.0
08010407,08,01,04,07,100.0,19.0,12.0,3.0,53.0,166.0,48.0,21.0,36.0,162.0,243.00000000000003
08010508,08,01,05,08,100.0,534.0,561.0,145.0,554.0,1178.0,549.0,289.0,206.0,1961.0,1894.0000000000002
08010509,08,01,05,09,100.0,702.0,1107.0,297.0,702.0,1718.0,811.0,428.0,403.0,3029.0,2756.0
08010510,08,01,05,10,100.0,18.0,28.999999999999996,12.0,55.00000000000001,112.99999999999999,59.0,27.0,9.0,125.0,249.00000000000003
08020619,08,02,06,19,100.0,720.0,908.0,240.0,919.9999999999999,2110.0,761.0,419.00000000000006,342.0,2896.0,3977.0000000000005
08020620,08,02,06,20,100.0,382.0,514.0,162.0,482.0,1339.0,569.0,374.0,318.0,2000.0,2005.9999999999998
08020621,08,02,06,21,100.0,62.0,88.0,24.0,41.0,119.0,113.99999999999999,82.0,55.00000000000001,306.0,179.0
08020622,08,02,06,22,100.0,444.00000000000006,399.0,107.0,399.0,1312.0,516.0,386.0,413.99999999999994,1985.0000000000002,1872.0
08020623,08,02,06,23,100.0,28.000000000000004,57.99999999999999,19.0,62.0,76.0,64.0,43.0,42.0,210.0,173.0
08020624,08,02,06,24,100.0,48.0,73.0,19.0,44.0,170.0,77.0,31.0,37.0,225.99999999999997,168.0
08020625,08,02,06,25,100.0,65.0,119.0,28.999999999999996,126.0,281.0,177.0,112.00000000000001,86.0,445.0,539.0
08020726,08,02,07,26,100.0,189.0,236.0,71.0,190.0,598.0,328.0,259.0,237.0,1083.0,911.9999999999999
08020727,08,02,07,27,100.0,335.0,553.0,172.0,490.00000000000006,994.9999999999999,475.0,310.0,295.0,1716.0,1710.0000000000002
08020728,08,02,07,28,100.0,398.0,536.0,150.0,478.0,1048.0,443.0,258.0,311.0,1754.0,1868.0
08030829,08,03,08,29,100.0,625.0,894.0,252.99999999999997,648.0,1722.0,819.9999999999999,716.0,637.0,3197.0,2555.0
08030830,08,03,08,30,100.0,282.0,355.0,98.0,282.0,841.0,417.0,310.0,373.0,1495.0,1155.0
08030831,08,03,08,31,100.0,897.0000000000001,1123.0,327.0,941.0,2507.0,1148.0,991.0,822.0000000000001,4385.0,3524.0
08040932,08,04,09,32,100.0,121.0,183.0,40.0,66.0,259.0,114.99999999999999,71.0,69.0,471.0,379.0
08040933,08,04,09,33,100.0,124.0,133.0,37.0,169.0,352.0,244.0,119.0,152.0,660.0,575.0
08040934,08,04,09,34,100.0,79.0,101.0,36.0,85.0,235.0,113.99999999999999,101.0,63.0,409.0,336.0
08041035,08,04,10,35,100.0,257.0,356.0,135.0,318.0,677.0,442.0,225.99999999999997,259.0,1305.0,1131.0
08041036,08,04,10,36,100.0,150.0,224.00000000000003,70.0,150.0,409.0,246.0,174.0,198.0,797.0,670.0
08041037,08,04,10,37,100.0,223.0,300.0,87.0,269.0,660.0,357.0,289.0,247.00000000000003,1180.0,1122.0
08041038,08,04,10,38,100.0,176.0,212.0,70.0,158.0,416.0,234.0,151.0,174.0,806.0,526.0
08041039,08,04,10,39,100.0,123.0,197.0,43.0,111.00000000000001,291.0,181.0,103.0,76.0,579.0,368.0
08041040,08,04,10,40,100.0,188.0,252.99999999999997,93.0,208.0,446.0,275.0,199.0,173.0,916.0,709.0
09010101,09,01,01,01,100.0,379.0,409.99999999999994,106.0,451.0,1668.0,438.99999999999994,178.0,170.0,1810.0000000000002,2317.0
09010102,09,01,01,02,100.0,3.0,0.0,0.0,0.0,10.0,0.0,0.0,0.0,3.0,10.0
09010201,09,01,02,01,100.0,91.0,98.0,10.0,56.99999999999999,316.0,97.0,37.0,28.000000000000004,385.0,386.0
09010202,09,01,02,02,100.0,147.0,56.00000000000001,12.0,199.0,425.0,99.0,53.0,103.0,519.0,683.0
09010301,09,01,03,01,100.0,216.0,211.0,54.0,314.0,975.0,245.00000000000003,136.0,196.0,1120.0,1354.0
09010302,09,01,03,02,100.0,67.0,85.0,36.0,80.0,189.0,98.0,59.0,65.0,331.0,282.0
09010401,09,01,04,01,100.0,100.0,84.0,15.0,123.0,284.0,81.0,42.0,127.0,425.0,440.00000000000006
09010402,09,01,04,02,100.0,206.0,238.0,75.0,257.0,584.0,188.0,137.0,141.0,871.0000000000001,983.0
09020501,09,02,05,01,100.0,216.0,220.00000000000003,73.0,388.0,809.0,171.0,85.0,60.0,896.0000000000001,1525.0
09020502,09,02,05,02,100.0,396.0,304.0,108.0,589.0,1110.0,295.0,158.0,182.0,1507.0,2059.0
09020601,09,02,06,01,100.0,256.0,267.0,66.0,458.0,863.0000000000001,198.0,107.0,100.0,1036.0,1746.0
09020602,09,02,06,02,100.0,28.000000000000004,27.0,6.0,34.0,78.0,34.0,9.0,46.0,131.0,121.0
09020701,09,02,07,01,100.0,102.0,48.0,15.0,426.0,420.0,39.0,21.0,28.000000000000004,530.0,853.9999999999999
09020702,09,02,07,02,100.0,307.0,282.0,68.0,392.0,917.0,252.0,121.0,186.0,1205.0,1692.0000000000002
09020801,09,02,08,01,100.0,27.0,15.0,0.0,35.0,80.0,39.0,37.0,21.0,131.0,161.0
09020802,09,02,08,02,100.0,223.0,189.0,43.0,191.0,503.0,140.0,81.0,76.0,672.0,984.0
09030901,09,03,09,01,100.0,187.0,271.0,63.0,169.0,526.0,237.0,119.0,161.0,844.0,751.0
09030902,09,03,09,02,100.0,71.0,111.00000000000001,16.0,63.0,231.99999999999997,104.0,73.0,88.0,379.0,357.0
09030903,09,03,09,03,100.0,158.0,271.0,50.0,162.0,388.0,173.0,122.0,111.00000000000001,705.0,653.0
09031001,09,03,10,01,100.0,167.0,194.0,59.0,214.0,530.0,183.0,130.0,184.0,782.0,1018.0
09031101,09,03,11,01,100.0,84.0,70.0,24.0,127.0,286.0,91.0,55.00000000000001,81.0,372.0,523.0
09031201,09,03,12,01,100.0,9.0,28.000000000000004,6.0,9.0,38.0,25.0,12.0,46.0,86.0,67.0
09031202,09,03,12,02,100.0,44.0,27.0,3.0,21.0,73.0,24.0,26.0,40.0,145.0,131.0
09041301,09,04,13,01,100.0,126.0,141.0,23.0,182.0,392.0,123.0,82.0,234.0,552.0,780.0
09041302,09,04,13,02,100.0,19.0,30.0,6.0,15.0,47.0,18.0,24.0,21.0,100.0,83.0
09041401,09,04,14,01,100.0,44.0,28.999999999999996,18.0,32.0,97.0,33.0,33.0,103.0,202.99999999999997,168.0
09041402,09,04,14,02,100.0,31.0,28.999999999999996,9.0,28.999999999999996,55.00000000000001,15.0,10.0,15.0,95.0,82.0
09041501,09,04,15,01,100.0,159.0,192.0,68.0,162.0,428.0,157.0,76.0,88.0,647.0,843.0
09041601,09,04,16,01,100.0,56.00000000000001,63.0,15.0,32.0,131.0,62.0,33.0,81.0,246.0,185.0
09051701,09,05,17,01,100.0,43.0,38.0,9.0,68.0,124.0,51.0,19.0,50.0,152.0,263.0
09051702,09,05,17,02,100.0,140.0,145.0,40.0,104.0,388.0,132.0,63.0,162.0,620.0,562.0
09051801,09,05,18,01,100.0,100.0,123.0,21.0,94.0,238.0,107.0,71.0,119.0,422.0,473.00000000000006
09051901,09,05,19,01,100.0,113.99999999999999,97.0,22.0,180.0,440.00000000000006,124.0,82.0,157.0,630.0,686.0
09052001,09,05,20,01,100.0,110.00000000000001,111.00000000000001,31.0,132.0,282.0,112.99999999999999,66.0,144.0,496.0,497.0
10010101,10,01,01,01,100.0,180.0,208.0,63.0,156.0,415.00000000000006,164.0,156.0,137.0,770.0,776.0
10010102,10,01,01,02,100.0,516.0,772.0,170.0,504.0,1401.0,472.0,445.0,430.99999999999994,2269.0,2213.0
10010203,10,01,02,03,100.0,107.0,112.99999999999999,33.0,252.0,346.0,66.0,18.0,9.0,285.0,892.0
10010204,10,01,02,04,100.0,320.0,347.0,93.0,292.0,779.0,237.0,222.00000000000003,246.0,1274.0,1161.0
10010205,10,01,02,05,100.0,145.0,176.0,47.0,135.0,376.0,129.0,118.0,112.00000000000001,642.0,651.0
10010206,10,01,02,06,100.0,478.0,566.0,138.0,628.0,1425.0,399.0,346.0,344.0,1971.0,2560.0
10010207,10,01,02,07,100.0,272.0,368.0,109.00000000000001,271.0,731.0,320.0,220.00000000000003,243.00000000000003,1286.0,1136.0
10010308,10,01,03,08,100.0,57.99999999999999,85.0,22.0,93.0,235.0,82.0,49.0,24.0,259.0,426.0
10010309,10,01,03,09,100.0,274.0,399.0,134.0,332.0,1014.0,356.0,296.0,351.0,1596.0,1272.0
10010310,10,01,03,10,100.0,450.0,519.0,145.0,509.0,1176.0,449.0,386.0,382.0,1902.0,1889.0
10010311,10,01,03,11,100.0,50.0,78.0,25.0,51.0,138.0,49.0,46.0,71.0,283.0,169.0
10020412,10,02,04,12,100.0,332.0,350.0,71.0,190.0,583.0,213.0,139.0,107.0,1024.0,1047.0
10020413,10,02,04,13,100.0,488.0,403.0,106.0,438.0,1044.0,281.0,213.0,254.99999999999997,1568.0,2061.0
10020414,10,02,04,14,100.0,49.0,118.0,39.0,92.0,204.99999999999997,84.0,66.0,54.0,373.0,269.0
10020415,10,02,04,15,100.0,266.0,206.0,54.0,244.0,551.0,151.0,105.0,76.0,779.0,1221.0
10020416,10,02,04,16,100.0,171.0,173.0,30.0,212.0,541.0,171.0,107.0,84.0,665.0,1014.0
10020517,10,02,05,17,100.0,164.0,186.0,22.0,197.0,413.99999999999994,119.0,104.0,134.0,619.0,818.0
10020518,10,02,05,18,100.0,133.0,157.0,38.0,112.00000000000001,307.0,108.0,63.0,48.0,478.0,620.0
10020519,10,02,05,19,100.0,256.0,304.0,65.0,250.99999999999997,603.0,149.0,87.0,83.0,826.0,1224.0
10020620,10,02,06,20,100.0,49.0,66.0,6.0,59.0,192.0,71.0,59.0,71.0,281.0,292.0
10020621,10,02,06,21,100.0,188.0,130.0,38.0,170.0,371.0,114.99999999999999,78.0,70.0,610.0,690.0
10020622,10,02,06,22,100.0,118.0,144.0,31.0,90.0,377.0,127.0,99.0,171.0,594.0,493.0
10020623,10,02,06,23,100.0,70.0,88.0,26.0,63.0,211.0,76.0,106.0,125.0,396.0,301.0
10030724,10,03,07,24,100.0,59.0,72.0,18.0,454.0,404.0,111.00000000000001,71.0,137.0,624.0,852.0
10030725,10,03,07,25,100.0,100.0,151.0,60.0,146.0,341.0,114.99999999999999,133.0,155.0,589.0,716.0
10030726,10,03,07,26,100.0,100.0,98.0,13.0,86.0,198.0,53.0,26.0,44.0,313.0,373.0
10030727,10,03,07,27,100.0,90.0,146.0,43.0,90.0,267.0,130.0,91.0,128.0,482.0,369.0
10040828,10,04,08,28,100.0,74.0,112.00000000000001,22.0,57.99999999999999,175.0,82.0,65.0,90.0,358.0,293.0
10040829,10,04,08,29,100.0,39.0,36.0,6.0,61.0,122.0,51.0,21.0,35.0,177.0,236.0
10040830,10,04,08,30,100.0,40.0,70.0,15.0,34.0,107.0,71.0,59.0,108.0,271.0,169.0
10040931,10,04,09,31,100.0,80.0,108.0,25.0,72.0,227.99999999999997,85.0,82.0,98.0,373.0,316.0
10040932,10,04,09,32,100.0,35.0,46.0,7.000000000000001,42.0,130.0,75.0,40.0,47.0,194.0,206.99999999999997
10040933,10,04,09,33,100.0,107.0,106.0,39.0,81.0,278.0,122.0,95.0,148.0,496.0,347.0
11010101,11,01,01,01,100.0,10.0,3.0,3.0,3.0,28.000000000000004,6.0,6.0,3.0,18.0,34.0
11010102,11,01,01,02,100.0,6.0,19.0,6.0,3.0,40.0,24.0,13.0,23.0,65.0,45.0
11010103,11,01,01,03,100.0,51.0,36.0,17.0,64.0,124.0,30.0,20.0,13.0,130.0,272.0
11010204,11,01,02,04,100.0,316.0,397.0,103.0,310.0,746.0,256.0,254.99999999999997,179.0,1289.0,1451.0
11010205,11,01,02,05,100.0,189.0,260.0,77.0,171.0,542.0,196.0,200.99999999999997,142.0,886.0,891.0
11010206,11,01,02,06,100.0,153.0,187.0,48.0,185.0,409.99999999999994,153.0,118.0,112.99999999999999,692.0,826.0
11010207,11,01,02,07,100.0,245.00000000000003,206.0,49.0,298.0,568.0,152.0,140.0,110.00000000000001,813.0000000000001,1155.0
11010308,11,01,03,08,100.0,433.0,513.0,121.0,368.0,971.0000000000001,388.0,308.0,212.0,1688.0,1839.0
11010309,11,01,03,09,100.0,364.0,385.0,107.0,329.0,728.0,279.0,206.99999999999997,163.0,1245.0,1508.0
11010310,11,01,03,10,100.0,133.0,169.0,39.0,187.0,347.0,90.0,83.0,68.0,554.0,744.0
11020411,11,02,04,11,100.0,404.0,393.0,77.0,398.0,769.0,202.99999999999997,104.0,111.00000000000001,1162.0,1773.9999999999998
11020412,11,02,04,12,100.0,140.0,171.0,35.0,243.00000000000003,495.0,136.0,96.0,106.0,612.0,848.0
11020513,11,02,05,13,100.0,127.0,171.0,37.0,93.0,231.0,53.0,26.0,80.0,411.00000000000006,622.0
11020514,11,02,05,14,100.0,306.0,294.0,72.0,346.0,788.0,180.0,92.0,93.0,973.0,1664.9999999999998
11020515,11,02,05,15,100.0,468.0,511.00000000000006,150.0,461.00000000000006,1159.0,393.0,269.0,267.0,1861.0,2094.0
11020516,11,02,05,16,100.0,62.0,65.0,31.0,71.0,198.0,75.0,42.0,51.0,297.0,279.0
11030617,11,03,06,17,100.0,249.00000000000003,308.0,68.0,335.0,734.0,222.00000000000003,144.0,137.0,1043.0,1367.0
11030618,11,03,06,18,100.0,352.0,417.0,143.0,849.0,1518.0,369.0,247.00000000000003,361.0,2055.0,2506.0
11030619,11,03,06,19,100.0,346.0,385.0,89.0,478.0,1200.0,377.0,283.0,187.0,1673.9999999999998,1946.0
11030720,11,03,07,20,100.0,215.0,196.0,41.0,1092.0,1491.0,416.0,181.0,85.0,1288.0,3365.0
11030721,11,03,07,21,100.0,616.0,593.0,188.0,1149.0,2397.0,634.0,505.0,298.0,2812.0,4399.0
11030824,11,03,08,24,100.0,322.0,386.0,90.0,719.0,1166.0,364.0,250.99999999999997,216.0,1707.9999999999998,2121.0
11040925,11,04,09,25,100.0,100.0,86.0,28.000000000000004,177.0,395.0,94.0,30.0,15.0,458.0,610.0
11040926,11,04,09,26,100.0,639.0,555.0,145.0,924.0,2488.0,580.0,377.0,308.0,2862.0,3958.0
11041022,11,04,10,22,100.0,139.0,182.0,34.0,396.0,665.0,187.0,120.0,109.00000000000001,789.0,1303.0
11041023,11,04,10,23,100.0,271.0,309.0,50.0,302.0,742.0,208.0,161.0,125.0,1062.0,1204.0
11041027,11,04,10,27,100.0,71.0,104.0,33.0,143.0,268.0,67.0,48.0,63.0,369.0,482.0
11041128,11,04,11,28,100.0,604.0,598.0,164.0,969.0,1895.0,521.0,436.00000000000006,547.0,2960.0,3297.0
11051229,11,05,12,29,100.0,135.0,92.0,24.0,112.99999999999999,295.0,85.0,46.0,31.0,421.0,480.99999999999994
11051330,11,05,13,30,100.0,160.0,98.0,23.0,573.0,733.0,101.0,54.0,91.0,782.0,1279.0
11051331,11,05,13,31,100.0,142.0,181.0,27.0,115.99999999999999,409.99999999999994,120.0,100.0,135.0,590.0,603.0
11051332,11,05,13,32,100.0,96.0,138.0,34.0,103.0,260.0,103.0,52.0,52.0,437.0,375.0
12103115,12,10,31,15,100.0,317.0,351.0,100.0,385.0,1071.0,422.0,311.0,264.0,1563.0,1801.0000000000002
12103116,12,10,31,16,100.0,470.0,607.0,179.0,565.0,1494.0,603.0,312.0,264.0,2108.0,2645.0
12103117,12,10,31,17,100.0,559.0,679.0,177.0,746.0,1934.0,727.0,491.0,364.0,2687.0,3433.0
12103218,12,10,32,18,100.0,569.0,684.0,180.0,840.0,1855.9999999999998,762.0,515.0,442.0,2783.0,3225.0
12103219,12,10,32,19,100.0,375.0,441.0,107.0,473.00000000000006,1298.0,446.0,338.0,281.0,1801.0000000000002,2016.0
12103220,12,10,32,20,100.0,115.99999999999999,130.0,36.0,135.0,446.0,188.0,147.0,117.0,648.0,672.0
12214125,12,21,41,25,100.0,197.0,256.0,77.0,277.0,784.0,315.0,190.0,182.0,911.0,1235.0
12214126,12,21,41,26,100.0,280.0,349.0,115.99999999999999,355.0,923.0,412.0,303.0,292.0,1525.0,1580.0
12214421,12,21,44,21,100.0,109.00000000000001,112.99999999999999,17.0,131.0,342.0,157.0,67.0,49.0,473.00000000000006,598.0
12214422,12,21,44,22,100.0,500.0,707.0,214.0,624.0,1350.0,598.0,411.00000000000006,360.0,2313.0,2680.0
12214423,12,21,44,23,100.0,219.0,252.0,74.0,250.99999999999997,727.0,306.0,239.0,236.0,1129.0,1152.0
12214424,12,21,44,24,100.0,563.0,723.0,167.0,680.0,1800.0,763.0,438.0,367.0,2598.0,3377.0000000000005
12214527,12,21,45,27,100.0,209.0,221.0,65.0,236.0,687.0,370.0,223.0,284.0,1168.0,1250.0
12214528,12,21,45,28,100.0,3.0,7.000000000000001,18.0,36.0,17.0,6.0,6.0,9.0,33.0,65.0
12224229,12,22,42,29,100.0,74.0,115.99999999999999,56.99999999999999,76.0,169.0,137.0,86.0,97.0,415.00000000000006,318.0
12224230,12,22,42,30,100.0,204.99999999999997,345.0,79.0,180.0,522.0,369.0,272.0,296.0,1194.0,883.0
12231101,12,23,11,01,100.0,183.0,327.0,105.0,235.0,533.0,344.0,231.99999999999997,308.0,1154.0,1059.0
12231102,12,23,11,02,100.0,206.99999999999997,349.0,92.0,177.0,444.00000000000006,314.0,250.0,306.0,1156.0,866.0
12301203,12,30,12,03,100.0,501.99999999999994,562.0,149.0,628.0,1353.0,582.0,396.0,360.0,2054.0,2810.0
12301204,12,30,12,04,100.0,126.0,184.0,66.0,168.0,337.0,202.0,124.0,167.0,725.0,626.0
12301205,12,30,12,05,100.0,61.0,94.0,52.0,115.99999999999999,248.0,161.0,88.0,78.0,426.99999999999994,390.0
12301206,12,30,12,06,100.0,86.0,148.0,41.0,60.0,204.99999999999997,111.00000000000001,81.0,95.0,411.00000000000006,291.0
12302107,12,30,21,07,100.0,99.0,169.0,53.0,173.0,323.0,216.0,114.99999999999999,125.0,639.0,526.0
12302108,12,30,21,08,100.0,705.0,1056.0,312.0,649.0,1663.0,758.0,498.00000000000006,419.00000000000006,3043.0,2838.0
12302109,12,30,21,09,100.0,760.0,1052.0,284.0,620.0,1655.0,682.0,509.0,381.0,2999.0,2951.0
12302110,12,30,21,10,100.0,661.0,1103.0,298.0,626.0,1589.0,712.0,463.99999999999994,304.0,2848.0,2948.0
12302211,12,30,22,11,100.0,65.0,90.0,38.0,99.0,243.00000000000003,165.0,133.0,89.0,458.0,398.0
12302212,12,30,22,12,100.0,388.0,507.0,122.0,346.0,763.0,293.0,188.0,155.0,1358.0,1743.0
12304313,12,30,43,13,100.0,155.0,184.0,44.0,196.0,512.0,195.0,149.0,130.0,759.0,960.0
12304314,12,30,43,14,100.0,108.0,144.0,45.0,110.00000000000001,385.0,214.0,151.0,202.99999999999997,702.0,643.0
