district,forecast_area,district_region,planning_area,inhabitants,inhabitants_with_migration_background_age_below_6,inhabitants_with_migration_background_age_6_15,inhabitants_with_migration_background_age_15_18,inhabitants_with_migration_background_age_18_27,inhabitants_with_migration_background_age_27_45,inhabitants_with_migration_background_age_45_55,inhabitants_with_migration_background_age_55_65,inhabitants_with_migration_background_age_above_65,inhabitants_with_migration_background_female,inhabitants_foreigners
1,10,1,1,2049,129.0,118.0,25.0,333.0,851.0,214.0,167.0,212.0,982.0,1387.0
1,10,1,2,1199,85.0,88.0,38.0,122.0,532.0,169.0,102.0,63.0,550.0,909.0
1,10,1,3,3041,211.0,248.0,84.0,382.0,1044.0,368.0,335.0,369.0,1449.0,1853.0
1,10,1,4,2994,190.0,336.0,96.0,505.0,1072.0,342.0,261.0,192.0,1359.0,1787.0
1,10,2,5,1593,96.0,121.0,39.0,225.0,629.0,209.0,125.0,149.0,746.0,1134.0
1,10,2,6,946,81.0,97.0,26.0,62.0,441.0,130.0,63.0,46.0,472.0,653.0
1,10,2,7,4291,372.0,349.0,100.0,444.0,1858.0,474.0,358.0,336.0,2141.0,2814.0
1,10,3,8,3077,260.0,210.0,44.0,331.0,1602.0,348.0,153.0,129.0,1506.0,2153.0
1,10,3,9,5060,405.0,504.0,141.0,474.0,2310.0,702.0,342.0,182.0,2503.0,3308.0
1,10,3,10,4845,343.0,370.0,75.0,640.0,2403.0,504.0,291.0,219.0,2291.0,3470.0
1,10,3,11,4134,388.0,489.0,153.0,582.0,1547.0,383.0,282.0,310.0,2098.0,2656.0
1,10,3,12,4188,398.0,321.0,74.0,434.0,1993.0,495.0,241.0,232.0,1975.0,2765.0
1,10,3,13,4967,394.0,347.0,89.0,1091.0,2048.0,493.0,286.0,219.0,2445.0,3347.0
1,10,4,14,2787,321.0,258.0,44.0,254.0,1518.0,243.0,94.0,55.0,1427.0,2076.0
1,10,4,15,5042,385.0,464.0,116.0,535.0,2484.0,683.0,229.0,146.0,2530.0,3362.0
1,10,4,16,5433,520.0,533.0,91.0,467.0,2793.0,672.0,225.0,132.0,2729.0,3619.0
1,20,5,17,2147,164.0,241.0,73.0,267.0,838.0,241.0,192.0,131.0,973.0,1473.0
1,20,5,18,4318,298.0,367.0,113.0,690.0,1593.0,572.0,354.0,331.0,1970.0,2987.0
1,20,5,19,4893,294.0,441.0,146.0,661.0,1834.0,632.0,409.0,476.0,2224.0,3283.0
1,20,5,20,4530,289.0,432.0,124.0,593.0,1654.0,582.0,461.0,395.0,2098.0,2780.0
1,20,5,21,3087,224.0,324.0,105.0,446.0,1105.0,397.0,249.0,237.0,1399.0,1920.0
1,20,5,22,4035,298.0,335.0,131.0,445.0,1535.0,477.0,389.0,425.0,2016.0,2267.0
1,20,6,23,5466,395.0,522.0,164.0,746.0,2102.0,671.0,477.0,389.0,2578.0,3320.0
1,20,6,24,3486,339.0,271.0,66.0,447.0,1834.0,267.0,129.0,133.0,1669.0,2340.0
1,20,6,25,4169,337.0,508.0,156.0,491.0,1319.0,565.0,342.0,451.0,2046.0,2374.0
1,20,6,26,2546,165.0,224.0,67.0,267.0,1054.0,336.0,212.0,221.0,1200.0,1527.0
1,20,6,27,2125,224.0,318.0,88.0,227.0,607.0,236.0,217.0,208.0,1035.0,1090.0
1,20,6,28,1328,104.0,136.0,34.0,136.0,511.0,175.0,140.0,92.0,649.0,713.0
1,20,6,29,2781,107.0,154.0,48.0,669.0,1106.0,240.0,200.0,257.0,1310.0,1978.0
1,30,7,30,5687,506.0,762.0,222.0,738.0,1851.0,718.0,475.0,415.0,2674.0,3716.0
1,30,7,31,4979,426.0,660.0,179.0,636.0,1652.0,615.0,468.0,343.0,2315.0,3228.0
1,30,7,32,6149,615.0,794.0,258.0,861.0,2043.0,770.0,434.0,374.0,2928.0,3901.0
1,30,7,33,7224,553.0,882.0,292.0,1010.0,2355.0,1013.0,589.0,530.0,3458.0,4419.0
1,30,8,34,9418,913.0,1477.0,411.0,952.0,2865.0,1170.0,786.0,844.0,4663.0,4303.0
1,30,8,35,6224,551.0,799.0,251.0,914.0,1872.0,734.0,575.0,528.0,3086.0,3156.0
1,30,8,36,9466,723.0,1166.0,405.0,1319.0,3196.0,1255.0,770.0,632.0,4419.0,5852.0
1,40,9,37,5212,443.0,516.0,134.0,540.0,1922.0,692.0,532.0,433.0,2495.0,3131.0
1,40,9,38,5121,362.0,514.0,187.0,656.0,1933.0,665.0,433.0,371.0,2349.0,3331.0
1,40,9,39,3076,241.0,304.0,114.0,379.0,1170.0,372.0,280.0,216.0,1426.0,2143.0
1,40,9,40,2403,292.0,281.0,79.0,215.0,827.0,291.0,174.0,244.0,1234.0,1093.0
1,40,9,41,1681,164.0,156.0,37.0,208.0,543.0,183.0,216.0,174.0,812.0,930.0
1,40,9,42,4643,320.0,417.0,161.0,714.0,1779.0,582.0,377.0,293.0,2246.0,3166.0
1,40,10,43,5177,333.0,594.0,236.0,709.0,1505.0,764.0,604.0,432.0,2487.0,3098.0
1,40,10,44,6893,599.0,792.0,213.0,828.0,2494.0,941.0,583.0,443.0,3210.0,4459.0
1,40,10,45,4174,341.0,510.0,181.0,584.0,1388.0,533.0,365.0,272.0,1943.0,2620.0
1,40,10,46,4327,293.0,374.0,123.0,661.0,1752.0,462.0,384.0,278.0,1987.0,2756.0
1,40,10,47,5469,334.0,497.0,123.0,1140.0,2154.0,608.0,338.0,275.0,2428.0,3998.0
1,40,10,48,5365,309.0,523.0,193.0,726.0,1944.0,758.0,487.0,425.0,2505.0,3392.0
1,40,10,49,4094,308.0,423.0,142.0,460.0,1347.0,534.0,398.0,482.0,1930.0,2814.0
2,10,1,1,4366,314.0,444.0,165.0,498.0,1638.0,615.0,393.0,299.0,2107.0,2540.0
2,10,1,2,6148,480.0,800.0,301.0,717.0,1863.0,803.0,592.0,592.0,3096.0,3019.0
2,10,1,3,3410,276.0,501.0,133.0,327.0,1126.0,491.0,307.0,249.0,1671.0,1740.0
2,10,1,4,3859,331.0,496.0,151.0,468.0,1105.0,616.0,371.0,321.0,1872.0,2074.0
2,10,1,5,6843,523.0,849.0,279.0,672.0,2213.0,985.0,698.0,624.0,3381.0,3329.0
2,10,1,6,3273,230.0,426.0,154.0,376.0,992.0,418.0,355.0,322.0,1592.0,1598.0
2,20,2,7,829,87.0,104.0,21.0,74.0,380.0,68.0,40.0,55.0,371.0,480.0
2,20,2,8,2663,180.0,254.0,83.0,300.0,1033.0,333.0,236.0,244.0,1279.0,1691.0
2,20,2,9,4456,370.0,411.0,103.0,491.0,1802.0,625.0,380.0,274.0,2155.0,2727.0
2,20,2,10,5420,365.0,449.0,137.0,549.0,2303.0,709.0,494.0,414.0,2581.0,3433.0
2,20,2,11,6176,414.0,509.0,177.0,638.0,2406.0,900.0,585.0,547.0,3047.0,3644.0
2,20,2,12,4332,318.0,460.0,173.0,468.0,1573.0,606.0,401.0,333.0,2110.0,2334.0
2,20,2,13,4687,321.0,389.0,139.0,491.0,2042.0,594.0,362.0,349.0,2311.0,3005.0
2,30,3,14,4625,244.0,381.0,172.0,486.0,1446.0,736.0,519.0,641.0,2222.0,2795.0
2,30,3,15,5039,340.0,440.0,182.0,570.0,1808.0,721.0,470.0,508.0,2383.0,3039.0
2,30,3,16,2081,113.0,206.0,55.0,172.0,798.0,303.0,207.0,227.0,1016.0,1222.0
2,30,4,17,4646,247.0,458.0,148.0,495.0,1838.0,636.0,390.0,434.0,2202.0,2893.0
2,30,4,18,3702,221.0,277.0,86.0,379.0,1644.0,517.0,285.0,293.0,1790.0,2346.0
2,30,4,19,5590,323.0,409.0,150.0,607.0,2330.0,754.0,450.0,567.0,2614.0,3634.0
2,40,5,20,1726,168.0,223.0,59.0,200.0,606.0,205.0,134.0,131.0,906.0,964.0
2,40,5,21,2670,241.0,264.0,61.0,313.0,1262.0,251.0,147.0,131.0,1322.0,1679.0
2,40,5,22,3329,372.0,268.0,52.0,358.0,1696.0,287.0,145.0,151.0,1668.0,2132.0
2,40,6,23,6080,626.0,522.0,147.0,1035.0,2519.0,561.0,346.0,324.0,2959.0,3936.0
2,40,6,24,3783,236.0,229.0,57.0,864.0,1849.0,276.0,161.0,111.0,1732.0,2707.0
2,40,6,25,782,66.0,104.0,21.0,99.0,411.0,43.0,28.0,10.0,363.0,691.0
2,50,7,26,3266,253.0,249.0,42.0,406.0,1883.0,244.0,121.0,68.0,1584.0,2295.0
2,50,7,27,2422,203.0,180.0,22.0,248.0,1390.0,188.0,98.0,93.0,1166.0,1717.0
2,50,7,28,3338,299.0,203.0,50.0,359.0,1950.0,302.0,107.0,68.0,1656.0,2353.0
2,50,7,29,1815,174.0,159.0,45.0,223.0,926.0,172.0,70.0,46.0,895.0,1189.0
2,50,8,30,1509,130.0,96.0,18.0,206.0,823.0,146.0,60.0,30.0,762.0,1031.0
2,50,8,31,2975,241.0,210.0,59.0,386.0,1656.0,239.0,128.0,56.0,1411.0,2150.0
2,50,8,32,3718,414.0,293.0,64.0,455.0,2025.0,289.0,131.0,47.0,1770.0,2699.0
2,50,8,33,3777,267.0,148.0,21.0,499.0,2369.0,291.0,119.0,63.0,1798.0,2855.0
2,50,8,34,3965,318.0,255.0,43.0,537.0,2300.0,342.0,110.0,60.0,1874.0,2771.0
2,50,8,35,3007,250.0,181.0,32.0,416.0,1732.0,224.0,103.0,69.0,1401.0,2149.0
2,50,8,36,1078,175.0,113.0,26.0,66.0,435.0,149.0,61.0,53.0,541.0,502.0
3,10,1,1,777,80.0,81.0,16.0,89.0,339.0,87.0,49.0,36.0,312.0,500.0
3,10,1,2,874,175.0,82.0,16.0,153.0,311.0,66.0,27.0,44.0,432.0,630.0
3,10,1,3,1656,198.0,253.0,50.0,208.0,558.0,160.0,105.0,124.0,754.0,1215.0
3,20,2,4,127,12.0,18.0,7.0,3.0,40.0,22.0,10.0,15.0,52.0,47.0
3,20,2,5,1393,136.0,177.0,36.0,238.0,423.0,180.0,101.0,102.0,747.0,743.0
3,20,2,6,1242,146.0,149.0,48.0,212.0,423.0,126.0,59.0,79.0,645.0,784.0
3,20,2,7,1922,222.0,316.0,61.0,179.0,673.0,217.0,121.0,133.0,981.0,1086.0
3,20,3,8,672,59.0,94.0,18.0,51.0,207.0,106.0,56.0,81.0,370.0,287.0
3,20,3,9,778,106.0,127.0,30.0,80.0,224.0,108.0,40.0,63.0,362.0,396.0
3,20,3,10,1250,140.0,205.0,64.0,82.0,348.0,149.0,138.0,124.0,648.0,541.0
3,30,4,11,2264,381.0,343.0,56.0,257.0,727.0,209.0,125.0,166.0,1100.0,1335.0
3,30,4,12,485,58.0,60.0,6.0,49.0,155.0,66.0,18.0,73.0,252.0,212.0
3,30,4,13,288,25.0,56.0,10.0,16.0,55.0,38.0,39.0,49.0,155.0,120.0
3,30,5,14,603,84.0,100.0,32.0,49.0,163.0,49.0,56.0,70.0,325.0,258.0
3,30,5,15,0,0.0,0.0,0.0,0.0,0.0,0.0,0.0,0.0,0.0,0.0
3,30,5,16,1591,178.0,226.0,49.0,246.0,569.0,157.0,69.0,97.0,700.0,1085.0
3,30,5,17,48,13.0,3.0,3.0,0.0,13.0,0.0,16.0,0.0,29.0,17.0
3,40,6,18,999,88.0,168.0,57.0,89.0,249.0,133.0,110.0,105.0,500.0,338.0
3,40,6,19,1998,246.0,257.0,72.0,205.0,690.0,242.0,126.0,160.0,1041.0,989.0
3,40,6,20,652,65.0,109.0,24.0,73.0,194.0,97.0,43.0,47.0,288.0,320.0
3,40,7,21,2316,284.0,343.0,67.0,219.0,914.0,287.0,96.0,106.0,1121.0,1283.0
3,40,7,22,571,61.0,101.0,12.0,56.0,168.0,69.0,16.0,88.0,298.0,264.0
3,40,7,23,1622,189.0,195.0,36.0,165.0,718.0,147.0,97.0,75.0,803.0,946.0
3,40,7,24,1049,182.0,134.0,22.0,71.0,408.0,95.0,64.0,73.0,574.0,584.0
3,40,7,25,1010,132.0,143.0,44.0,98.0,349.0,107.0,43.0,94.0,508.0,552.0
3,40,8,26,1254,150.0,181.0,22.0,168.0,474.0,120.0,50.0,89.0,629.0,862.0
3,40,8,27,2273,238.0,185.0,31.0,250.0,1154.0,204.0,124.0,87.0,1095.0,1499.0
3,40,8,28,1073,117.0,74.0,12.0,113.0,599.0,80.0,22.0,56.0,543.0,738.0
3,40,8,29,970,98.0,131.0,41.0,87.0,388.0,86.0,41.0,98.0,471.0,589.0
3,40,8,30,1467,188.0,164.0,37.0,111.0,624.0,166.0,92.0,85.0,773.0,837.0
3,40,8,31,0,0.0,0.0,0.0,0.0,0.0,0.0,0.0,0.0,0.0,0.0
3,50,9,32,710,86.0,90.0,37.0,77.0,265.0,79.0,40.0,36.0,339.0,484.0
3,50,9,33,1302,156.0,152.0,42.0,110.0,527.0,138.0,88.0,89.0,656.0,775.0
3,50,9,34,2608,287.0,240.0,54.0,281.0,1296.0,265.0,110.0,75.0,1235.0,1724.0
3,50,9,35,1628,155.0,185.0,50.0,197.0,740.0,183.0,73.0,45.0,768.0,1101.0
3,50,9,36,2052,247.0,283.0,66.0,238.0,835.0,181.0,109.0,93.0,1041.0,1313.0
3,50,10,37,1656,181.0,119.0,26.0,267.0,728.0,151.0,89.0,95.0,766.0,1127.0
3,50,10,38,992,123.0,144.0,41.0,112.0,317.0,106.0,67.0,82.0,503.0,630.0
3,60,11,39,1323,135.0,110.0,21.0,156.0,672.0,147.0,49.0,33.0,642.0,897.0
3,60,11,40,1805,146.0,142.0,45.0,237.0,938.0,187.0,65.0,45.0,856.0,1211.0
3,60,11,41,2196,206.0,196.0,19.0,259.0,1127.0,205.0,103.0,81.0,1055.0,1490.0
3,60,11,42,3798,317.0,352.0,59.0,405.0,1966.0,444.0,149.0,106.0,1899.0,2607.0
3,60,12,43,2064,179.0,142.0,39.0,202.0,1151.0,238.0,82.0,31.0,1043.0,1334.0
3,60,12,44,2037,150.0,185.0,42.0,207.0,1063.0,243.0,84.0,63.0,1015.0,1342.0
3,60,12,45,3459,304.0,293.0,72.0,368.0,1792.0,321.0,160.0,149.0,1776.0,2305.0
3,60,13,46,1822,155.0,190.0,39.0,184.0,916.0,245.0,69.0,24.0,929.0,1177.0
3,60,13,47,3134,281.0,324.0,78.0,255.0,1517.0,438.0,183.0,58.0,1537.0,2049.0
3,60,13,48,2498,201.0,229.0,44.0,247.0,1295.0,303.0,108.0,71.0,1266.0,1714.0
3,60,14,49,1931,239.0,214.0,52.0,244.0,649.0,210.0,114.0,209.0,1018.0,1165.0
3,60,14,50,1673,233.0,291.0,76.0,261.0,534.0,111.0,77.0,90.0,798.0,1359.0
3,60,14,51,1927,165.0,152.0,29.0,205.0,1044.0,173.0,82.0,77.0,951.0,1355.0
3,60,14,52,1307,105.0,122.0,27.0,163.0,625.0,125.0,88.0,52.0,650.0,888.0
3,60,14,53,817,94.0,152.0,34.0,67.0,325.0,92.0,24.0,29.0,431.0,438.0
3,70,15,54,4314,367.0,416.0,148.0,499.0,2004.0,582.0,206.0,92.0,2153.0,2877.0
3,70,15,55,2352,181.0,235.0,74.0,225.0,1085.0,319.0,127.0,106.0,1217.0,1524.0
3,70,15,56,3395,410.0,357.0,82.0,314.0,1637.0,402.0,120.0,73.0,1691.0,2385.0
3,70,16,57,1040,108.0,135.0,28.0,82.0,493.0,96.0,40.0,58.0,497.0,700.0
3,70,16,58,2793,249.0,278.0,61.0,305.0,1370.0,306.0,148.0,76.0,1448.0,1856.0
3,70,16,59,3125,315.0,333.0,63.0,302.0,1500.0,364.0,137.0,111.0,1569.0,2014.0
3,70,16,60,3635,343.0,428.0,121.0,335.0,1629.0,464.0,187.0,128.0,1844.0,2253.0
4,10,1,1,5725,453.0,592.0,155.0,650.0,1936.0,818.0,574.0,547.0,2729.0,3416.0
4,10,1,2,4401,437.0,620.0,166.0,389.0,1277.0,644.0,480.0,388.0,2257.0,2206.0
4,20,2,3,403,12.0,56.0,18.0,54.0,108.0,74.0,50.0,31.0,188.0,229.0
4,20,2,4,900,85.0,90.0,21.0,76.0,317.0,118.0,81.0,112.0,431.0,583.0
4,20,2,5,829,49.0,80.0,33.0,99.0,257.0,141.0,94.0,76.0,421.0,480.0
4,20,2,6,840,61.0,130.0,43.0,86.0,168.0,132.0,102.0,118.0,423.0,426.0
4,20,2,7,1235,46.0,89.0,21.0,405.0,441.0,101.0,77.0,55.0,572.0,949.0
4,20,3,8,2416,191.0,275.0,91.0,364.0,789.0,300.0,183.0,223.0,1154.0,1610.0
4,20,3,9,1980,136.0,168.0,62.0,238.0,661.0,286.0,189.0,240.0,992.0,1083.0
4,20,3,10,2944,187.0,330.0,105.0,344.0,840.0,463.0,312.0,363.0,1474.0,1726.0
4,20,3,11,2809,199.0,271.0,66.0,380.0,972.0,338.0,255.0,328.0,1419.0,1685.0
4,30,4,12,1858,100.0,108.0,34.0,290.0,748.0,230.0,164.0,184.0,858.0,1372.0
4,30,4,13,4992,384.0,483.0,181.0,462.0,1506.0,713.0,584.0,679.0,2563.0,2721.0
4,30,4,14,4203,281.0,414.0,129.0,422.0,1400.0,639.0,426.0,492.0,2118.0,2460.0
4,30,4,15,2527,152.0,190.0,78.0,239.0,855.0,320.0,260.0,433.0,1299.0,1510.0
4,30,4,16,5056,330.0,414.0,127.0,577.0,1806.0,713.0,561.0,528.0,2504.0,3156.0
4,30,5,17,4538,323.0,351.0,106.0,510.0,1579.0,618.0,537.0,514.0,2235.0,2713.0
4,30,5,18,2784,185.0,278.0,73.0,276.0,1097.0,377.0,261.0,237.0,1321.0,1666.0
4,30,6,19,4032,252.0,362.0,101.0,400.0,1377.0,629.0,424.0,487.0,2008.0,2385.0
4,30,6,20,2044,126.0,168.0,37.0,245.0,835.0,259.0,189.0,185.0,960.0,1278.0
4,30,6,21,5276,360.0,446.0,145.0,503.0,1747.0,764.0,598.0,713.0,2636.0,3077.0
4,30,6,22,2984,218.0,245.0,84.0,270.0,1083.0,400.0,319.0,365.0,1543.0,1713.0
4,30,6,23,6656,404.0,505.0,163.0,805.0,2290.0,971.0,750.0,768.0,3204.0,4299.0
4,30,6,24,4414,255.0,290.0,96.0,480.0,1524.0,674.0,536.0,559.0,2217.0,2849.0
4,40,7,25,73,0.0,0.0,0.0,10.0,34.0,20.0,9.0,0.0,21.0,61.0
4,40,7,26,2329,170.0,304.0,93.0,230.0,696.0,359.0,225.0,252.0,1187.0,1285.0
4,40,7,27,3289,235.0,353.0,92.0,309.0,1078.0,498.0,341.0,383.0,1679.0,1809.0
4,40,7,28,1169,88.0,151.0,50.0,90.0,268.0,201.0,151.0,170.0,629.0,617.0
4,40,7,29,1051,91.0,130.0,51.0,73.0,217.0,168.0,147.0,174.0,559.0,555.0
4,40,8,30,2847,281.0,367.0,100.0,241.0,912.0,395.0,281.0,270.0,1442.0,1511.0
4,40,8,31,425,38.0,62.0,9.0,51.0,87.0,80.0,34.0,64.0,224.0,221.0
4,40,8,32,1878,141.0,199.0,62.0,220.0,544.0,288.0,213.0,211.0,969.0,1040.0
4,40,8,33,1533,129.0,149.0,36.0,106.0,423.0,228.0,202.0,260.0,779.0,850.0
4,40,8,34,1170,98.0,124.0,36.0,81.0,345.0,163.0,139.0,184.0,602.0,590.0
4,40,8,35,3006,215.0,329.0,92.0,295.0,893.0,476.0,340.0,366.0,1533.0,1719.0
4,50,9,36,2572,172.0,225.0,73.0,247.0,780.0,424.0,318.0,333.0,1318.0,1532.0
4,50,9,37,3244,186.0,267.0,87.0,326.0,1111.0,514.0,381.0,372.0,1632.0,1927.0
4,50,9,38,3646,302.0,332.0,91.0,331.0,1229.0,470.0,392.0,499.0,1850.0,2135.0
4,50,9,39,2991,238.0,315.0,94.0,288.0,956.0,451.0,315.0,334.0,1550.0,1602.0
4,50,10,40,2664,150.0,224.0,64.0,222.0,870.0,394.0,367.0,373.0,1320.0,1595.0
4,50,10,41,2611,155.0,217.0,64.0,220.0,749.0,423.0,368.0,415.0,1215.0,1601.0
4,50,10,42,2053,137.0,195.0,34.0,162.0,662.0,318.0,272.0,273.0,991.0,1359.0
4,50,10,43,5040,361.0,505.0,127.0,404.0,1648.0,672.0,568.0,755.0,2529.0,2913.0
4,50,10,44,2258,133.0,170.0,62.0,220.0,700.0,325.0,308.0,340.0,1194.0,1312.0
4,50,10,45,4507,286.0,322.0,92.0,438.0,1480.0,720.0,565.0,604.0,2229.0,2818.0
4,50,11,46,2158,202.0,245.0,73.0,264.0,688.0,331.0,192.0,163.0,1004.0,1354.0
4,50,11,47,2439,157.0,247.0,64.0,263.0,779.0,373.0,270.0,286.0,1219.0,1447.0
4,50,11,48,1992,152.0,204.0,69.0,209.0,652.0,251.0,228.0,227.0,970.0,1122.0
4,50,11,49,3989,295.0,389.0,124.0,374.0,1303.0,591.0,411.0,502.0,1992.0,2418.0
4,50,11,50,1177,78.0,84.0,26.0,119.0,449.0,153.0,131.0,137.0,598.0,695.0
4,50,11,51,2528,158.0,272.0,81.0,259.0,866.0,360.0,261.0,271.0,1230.0,1449.0
4,50,11,52,3015,172.0,263.0,57.0,336.0,981.0,436.0,371.0,399.0,1493.0,1805.0
4,50,11,53,3395,242.0,378.0,100.0,338.0,1187.0,478.0,323.0,349.0,1672.0,1947.0
5,10,1,1,731,106.0,102.0,19.0,74.0,212.0,96.0,69.0,53.0,379.0,329.0
5,10,1,2,1071,111.0,132.0,40.0,106.0,331.0,129.0,97.0,125.0,552.0,640.0
5,10,1,3,2708,371.0,268.0,62.0,334.0,996.0,334.0,189.0,154.0,1329.0,1674.0
5,10,1,4,1915,191.0,303.0,87.0,200.0,573.0,244.0,144.0,173.0,926.0,888.0
5,10,1,5,1512,128.0,207.0,48.0,117.0,436.0,205.0,185.0,186.0,738.0,707.0
5,10,2,6,1597,153.0,320.0,96.0,181.0,406.0,173.0,126.0,142.0,840.0,901.0
5,10,2,7,631,27.0,87.0,27.0,61.0,192.0,92.0,86.0,59.0,315.0,245.0
5,10,2,8,4746,526.0,692.0,201.0,468.0,1419.0,566.0,467.0,407.0,2316.0,2608.0
5,10,2,9,6039,538.0,840.0,261.0,528.0,1658.0,829.0,637.0,748.0,3087.0,2771.0
5,10,2,10,2893,298.0,357.0,91.0,310.0,1015.0,357.0,233.0,232.0,1409.0,1783.0
5,10,2,11,2033,164.0,266.0,87.0,196.0,560.0,334.0,231.0,195.0,971.0,994.0
5,10,3,12,1651,171.0,213.0,63.0,193.0,563.0,221.0,123.0,104.0,797.0,1046.0
5,10,3,13,2999,252.0,441.0,164.0,302.0,843.0,431.0,263.0,303.0,1527.0,1525.0
5,10,3,14,4313,406.0,572.0,138.0,573.0,1449.0,547.0,337.0,291.0,1970.0,3136.0
5,10,3,15,3041,290.0,367.0,109.0,380.0,974.0,431.0,254.0,236.0,1433.0,1952.0
5,10,3,16,4221,378.0,448.0,162.0,475.0,1300.0,625.0,432.0,401.0,2070.0,2305.0
5,10,3,17,1759,182.0,258.0,60.0,208.0,558.0,221.0,131.0,141.0,806.0,1346.0
5,20,4,18,849,86.0,136.0,46.0,56.0,192.0,158.0,114.0,61.0,429.0,255.0
5,20,4,19,106,3.0,13.0,6.0,9.0,28.0,12.0,22.0,13.0,53.0,29.0
5,20,4,20,1801,114.0,221.0,93.0,214.0,458.0,262.0,198.0,241.0,880.0,829.0
5,20,4,21,1251,125.0,188.0,37.0,149.0,406.0,145.0,89.0,112.0,581.0,759.0
5,20,4,22,208,15.0,57.0,3.0,21.0,48.0,29.0,25.0,10.0,103.0,93.0
5,20,4,23,2202,277.0,305.0,84.0,195.0,713.0,239.0,192.0,197.0,1112.0,1224.0
5,20,5,24,969,81.0,144.0,33.0,125.0,242.0,170.0,109.0,65.0,483.0,383.0
5,20,5,25,621,80.0,104.0,21.0,36.0,177.0,94.0,69.0,40.0,314.0,214.0
5,20,5,26,3250,351.0,570.0,137.0,326.0,979.0,389.0,254.0,244.0,1635.0,2234.0
5,20,5,27,7196,807.0,1221.0,413.0,751.0,1910.0,886.0,636.0,572.0,3635.0,3911.0
5,20,5,28,1857,176.0,209.0,55.0,199.0,524.0,264.0,215.0,215.0,891.0,926.0
5,20,6,29,3135,289.0,347.0,112.0,399.0,1017.0,398.0,287.0,286.0,1476.0,1910.0
5,20,6,30,3611,297.0,413.0,139.0,424.0,1203.0,526.0,293.0,316.0,1702.0,2246.0
5,20,6,31,3226,292.0,375.0,105.0,370.0,1094.0,411.0,340.0,239.0,1553.0,2037.0
5,20,6,32,1765,156.0,266.0,102.0,233.0,514.0,226.0,149.0,119.0,806.0,1116.0
5,20,6,33,550,62.0,72.0,29.0,39.0,128.0,90.0,81.0,49.0,268.0,251.0
5,20,6,34,721,59.0,86.0,24.0,40.0,201.0,82.0,110.0,119.0,384.0,339.0
5,30,7,35,1183,139.0,150.0,53.0,116.0,350.0,198.0,116.0,61.0,579.0,375.0
5,30,7,36,1968,196.0,337.0,115.0,146.0,567.0,326.0,167.0,114.0,986.0,845.0
5,30,7,37,4766,425.0,515.0,135.0,432.0,1468.0,609.0,599.0,583.0,2436.0,2341.0
5,30,8,38,0,0.0,0.0,0.0,0.0,0.0,0.0,0.0,0.0,0.0,0.0
5,30,8,39,3750,319.0,489.0,144.0,400.0,1098.0,530.0,362.0,408.0,1775.0,2203.0
5,30,8,40,240,13.0,20.0,9.0,18.0,95.0,34.0,27.0,24.0,120.0,131.0
5,30,8,41,2131,181.0,237.0,56.0,286.0,720.0,235.0,173.0,243.0,1024.0,1192.0
5,40,9,42,744,61.0,110.0,33.0,59.0,169.0,91.0,100.0,121.0,352.0,319.0
5,40,9,43,1912,202.0,358.0,112.0,108.0,392.0,322.0,205.0,213.0,999.0,619.0
5,40,9,44,375,27.0,50.0,25.0,36.0,68.0,66.0,43.0,60.0,205.0,142.0
5,40,9,45,587,61.0,107.0,31.0,34.0,128.0,85.0,65.0,76.0,310.0,222.0
6,10,1,1,1879,120.0,232.0,69.0,224.0,496.0,289.0,210.0,239.0,992.0,959.0
6,10,1,2,3211,254.0,368.0,101.0,313.0,1034.0,457.0,337.0,347.0,1659.0,1721.0
6,10,1,3,2055,160.0,208.0,73.0,188.0,671.0,317.0,192.0,246.0,1055.0,1053.0
6,10,2,4,2471,180.0,267.0,83.0,267.0,784.0,345.0,264.0,281.0,1214.0,1274.0
6,10,2,5,3328,309.0,336.0,106.0,334.0,1096.0,493.0,358.0,296.0,1720.0,1718.0
6,10,2,6,2340,162.0,261.0,83.0,226.0,724.0,313.0,234.0,337.0,1190.0,1227.0
6,10,2,7,2762,250.0,282.0,92.0,272.0,908.0,359.0,315.0,284.0,1411.0,1478.0
6,10,2,8,2147,173.0,199.0,57.0,167.0,722.0,284.0,243.0,302.0,1101.0,1120.0
6,10,2,9,3337,293.0,366.0,76.0,315.0,1117.0,456.0,331.0,383.0,1734.0,1797.0
6,10,2,10,1422,117.0,155.0,36.0,103.0,408.0,237.0,194.0,172.0,710.0,759.0
6,20,3,11,1198,100.0,149.0,50.0,96.0,346.0,184.0,111.0,162.0,602.0,566.0
6,20,3,12,1944,179.0,209.0,76.0,245.0,627.0,206.0,176.0,226.0,918.0,1138.0
6,20,3,13,2395,223.0,273.0,49.0,212.0,822.0,306.0,286.0,224.0,1191.0,1257.0
6,20,3,14,2224,225.0,242.0,70.0,227.0,731.0,323.0,217.0,189.0,1093.0,1116.0
6,20,3,15,1723,170.0,254.0,58.0,137.0,577.0,213.0,131.0,183.0,880.0,875.0
6,20,3,16,2349,161.0,224.0,58.0,390.0,706.0,299.0,237.0,274.0,1167.0,1303.0
6,20,3,17,1313,98.0,155.0,34.0,124.0,326.0,205.0,186.0,185.0,688.0,577.0
6,20,4,18,0,0.0,0.0,0.0,0.0,0.0,0.0,0.0,0.0,0.0,0.0
6,20,4,19,2337,146.0,313.0,69.0,218.0,733.0,294.0,287.0,277.0,1159.0,1223.0
6,20,4,20,2047,197.0,280.0,98.0,213.0,596.0,274.0,219.0,170.0,1005.0,1109.0
6,20,4,21,2221,184.0,259.0,95.0,233.0,639.0,302.0,226.0,283.0,1101.0,1226.0
6,20,4,22,1541,143.0,181.0,45.0,200.0,435.0,206.0,149.0,182.0,781.0,899.0
6,20,4,23,2346,240.0,346.0,103.0,198.0,603.0,328.0,240.0,288.0,1219.0,1126.0
6,30,5,24,1365,94.0,184.0,62.0,215.0,353.0,191.0,116.0,150.0,617.0,820.0
6,30,5,25,1397,115.0,195.0,58.0,147.0,387.0,197.0,121.0,177.0,721.0,752.0
6,30,5,26,1061,87.0,133.0,51.0,116.0,279.0,164.0,115.0,116.0,545.0,560.0
6,30,5,27,2423,205.0,312.0,89.0,196.0,701.0,345.0,262.0,313.0,1267.0,1231.0
6,30,5,28,2584,180.0,409.0,109.0,256.0,587.0,366.0,310.0,367.0,1387.0,1218.0
6,30,6,29,2003,120.0,210.0,64.0,212.0,623.0,304.0,223.0,247.0,1041.0,1079.0
6,30,6,30,2203,237.0,281.0,95.0,277.0,661.0,235.0,221.0,196.0,1059.0,1398.0
6,30,6,31,1209,72.0,87.0,34.0,362.0,409.0,95.0,89.0,61.0,562.0,874.0
6,30,6,32,3997,347.0,649.0,180.0,428.0,1058.0,585.0,386.0,364.0,1957.0,1844.0
6,30,6,33,3075,233.0,408.0,103.0,298.0,922.0,440.0,348.0,323.0,1595.0,1657.0
6,30,6,34,2064,176.0,312.0,87.0,183.0,538.0,283.0,204.0,281.0,1080.0,1094.0
6,40,7,35,2294,165.0,326.0,97.0,204.0,560.0,348.0,251.0,343.0,1138.0,1238.0
6,40,7,36,1103,89.0,157.0,65.0,91.0,216.0,190.0,120.0,175.0,563.0,451.0
6,40,7,37,3622,182.0,335.0,92.0,957.0,1113.0,339.0,278.0,326.0,1738.0,2551.0
6,40,8,38,1415,102.0,198.0,64.0,142.0,278.0,199.0,199.0,233.0,740.0,678.0
6,40,8,39,1230,97.0,208.0,57.0,121.0,289.0,172.0,109.0,177.0,643.0,595.0
6,40,8,40,1225,94.0,158.0,50.0,114.0,314.0,164.0,143.0,188.0,677.0,599.0
6,40,8,41,1496,118.0,212.0,60.0,122.0,407.0,215.0,152.0,210.0,786.0,738.0
6,40,8,42,1808,170.0,310.0,101.0,157.0,390.0,326.0,199.0,155.0,922.0,697.0
6,40,8,43,1501,93.0,192.0,51.0,173.0,343.0,231.0,168.0,250.0,780.0,896.0
6,40,8,44,2346,183.0,300.0,119.0,259.0,616.0,342.0,254.0,273.0,1230.0,1250.0
7,10,1,1,4807,276.0,372.0,106.0,462.0,1533.0,711.0,627.0,720.0,2280.0,2797.0
7,10,1,2,4429,354.0,405.0,130.0,553.0,1455.0,612.0,429.0,491.0,2057.0,2913.0
7,10,1,3,4911,292.0,510.0,175.0,539.0,1460.0,722.0,609.0,604.0,2373.0,2807.0
7,10,2,4,4194,310.0,371.0,126.0,420.0,1458.0,585.0,454.0,470.0,2061.0,2479.0
7,10,2,5,3570,231.0,398.0,163.0,360.0,987.0,504.0,381.0,546.0,1808.0,2014.0
7,10,2,6,4030,249.0,371.0,85.0,408.0,1385.0,625.0,441.0,466.0,1947.0,2407.0
7,20,3,7,3839,289.0,372.0,100.0,345.0,1242.0,570.0,409.0,512.0,1888.0,2086.0
7,20,3,8,4793,424.0,465.0,156.0,513.0,1802.0,627.0,412.0,394.0,2261.0,2871.0
7,20,4,9,3671,267.0,330.0,91.0,381.0,1280.0,582.0,350.0,390.0,1816.0,2132.0
7,20,4,10,3022,213.0,340.0,92.0,330.0,1066.0,381.0,285.0,315.0,1454.0,1694.0
7,20,4,11,1241,59.0,116.0,45.0,140.0,412.0,159.0,176.0,134.0,609.0,735.0
7,20,4,12,655,73.0,62.0,13.0,90.0,322.0,48.0,21.0,26.0,310.0,440.0
7,20,4,13,2778,188.0,248.0,64.0,305.0,1073.0,365.0,277.0,258.0,1381.0,1603.0
7,20,4,14,1483,120.0,147.0,39.0,208.0,568.0,169.0,128.0,104.0,737.0,829.0
7,30,5,15,1778,160.0,203.0,64.0,185.0,553.0,214.0,170.0,229.0,937.0,874.0
7,30,5,16,2593,170.0,287.0,79.0,291.0,835.0,414.0,266.0,251.0,1313.0,1420.0
7,30,5,17,2644,189.0,318.0,91.0,353.0,849.0,344.0,247.0,253.0,1439.0,1512.0
7,30,6,18,3043,244.0,268.0,103.0,317.0,1007.0,415.0,318.0,371.0,1556.0,1588.0
7,30,6,19,5489,434.0,652.0,197.0,558.0,1700.0,787.0,606.0,555.0,2710.0,2829.0
7,40,7,20,5008,404.0,536.0,147.0,426.0,1582.0,732.0,566.0,615.0,2486.0,2436.0
7,40,7,21,1760,159.0,250.0,76.0,164.0,569.0,265.0,161.0,116.0,952.0,793.0
7,40,8,22,497,31.0,65.0,25.0,31.0,137.0,86.0,56.0,66.0,242.0,221.0
7,40,8,23,3605,369.0,390.0,126.0,363.0,1293.0,451.0,301.0,312.0,1803.0,1879.0
7,40,8,24,2998,285.0,345.0,80.0,371.0,1078.0,348.0,241.0,250.0,1398.0,1745.0
7,40,8,25,3115,253.0,336.0,88.0,364.0,1112.0,400.0,289.0,273.0,1577.0,1751.0
7,40,8,26,1433,124.0,141.0,65.0,161.0,427.0,187.0,132.0,196.0,704.0,685.0
7,40,9,27,5116,486.0,597.0,170.0,616.0,1726.0,635.0,442.0,444.0,2434.0,2927.0
7,40,9,28,2275,246.0,229.0,42.0,222.0,939.0,286.0,181.0,130.0,1044.0,1433.0
7,50,10,29,3361,324.0,375.0,97.0,353.0,1151.0,429.0,338.0,294.0,1662.0,1745.0
7,50,10,30,3817,395.0,466.0,117.0,344.0,1262.0,491.0,353.0,389.0,1904.0,1983.0
7,50,10,31,3086,253.0,305.0,101.0,271.0,968.0,443.0,323.0,422.0,1556.0,1466.0
7,50,10,32,1940,200.0,210.0,60.0,209.0,577.0,300.0,216.0,168.0,967.0,886.0
7,50,11,33,3266,281.0,377.0,135.0,365.0,1049.0,451.0,340.0,268.0,1585.0,1899.0
7,50,11,34,3192,335.0,384.0,136.0,301.0,899.0,452.0,305.0,380.0,1615.0,1478.0
7,50,11,35,535,30.0,71.0,26.0,44.0,143.0,95.0,52.0,74.0,253.0,220.0
7,60,12,36,4368,431.0,656.0,230.0,482.0,1227.0,541.0,365.0,436.0,2069.0,2430.0
7,60,12,37,1227,108.0,153.0,58.0,73.0,346.0,205.0,145.0,139.0,601.0,538.0
7,60,12,38,1147,107.0,194.0,68.0,115.0,282.0,159.0,114.0,108.0,580.0,511.0
7,60,13,39,2309,211.0,303.0,96.0,160.0,639.0,264.0,269.0,367.0,1195.0,863.0
7,60,13,40,2740,233.0,353.0,83.0,248.0,750.0,370.0,356.0,347.0,1419.0,1115.0
7,60,13,41,716,77.0,84.0,24.0,87.0,208.0,109.0,68.0,59.0,362.0,375.0
7,60,14,42,2428,241.0,302.0,115.0,253.0,654.0,340.0,223.0,300.0,1216.0,1100.0
7,60,14,43,2521,292.0,372.0,106.0,202.0,645.0,379.0,278.0,247.0,1286.0,996.0
7,60,15,44,2598,280.0,375.0,82.0,218.0,701.0,371.0,286.0,285.0,1314.0,1244.0
7,60,15,45,3393,324.0,588.0,194.0,363.0,823.0,434.0,330.0,337.0,1705.0,1939.0
7,60,15,46,1401,139.0,192.0,72.0,95.0,371.0,217.0,179.0,136.0,699.0,612.0
7,60,15,47,854,109.0,133.0,33.0,100.0,240.0,76.0,95.0,68.0,394.0,498.0
7,60,15,48,561,79.0,79.0,29.0,44.0,135.0,78.0,55.0,62.0,304.0,278.0
8,10,1,1,2534,157.0,207.0,55.0,270.0,1066.0,317.0,218.0,244.0,1174.0,1697.0
8,10,1,2,4382,273.0,353.0,121.0,496.0,1963.0,521.0,328.0,327.0,2057.0,2941.0
8,10,1,3,3731,255.0,322.0,98.0,352.0,1731.0,428.0,287.0,258.0,1785.0,2456.0
8,10,1,4,3861,265.0,426.0,139.0,413.0,1579.0,492.0,301.0,246.0,1781.0,2425.0
8,10,1,5,3641,301.0,440.0,164.0,509.0,1315.0,418.0,274.0,220.0,1780.0,2131.0
8,10,2,6,5673,311.0,508.0,179.0,605.0,2396.0,707.0,529.0,438.0,2760.0,3704.0
8,10,2,7,5015,362.0,722.0,233.0,477.0,1540.0,697.0,463.0,521.0,2478.0,2548.0
8,10,2,8,6818,494.0,728.0,222.0,787.0,2744.0,855.0,521.0,467.0,3262.0,4328.0
8,10,2,9,5092,321.0,565.0,193.0,727.0,1842.0,674.0,448.0,322.0,2429.0,3461.0
8,10,3,10,3980,269.0,370.0,143.0,347.0,1764.0,515.0,287.0,285.0,1958.0,2438.0
8,10,3,11,3487,181.0,271.0,76.0,350.0,1650.0,439.0,274.0,246.0,1695.0,2281.0
8,10,3,12,6040,420.0,498.0,142.0,545.0,2768.0,744.0,455.0,468.0,2926.0,3898.0
8,10,3,13,1470,117.0,150.0,55.0,134.0,542.0,195.0,132.0,145.0,741.0,858.0
8,10,3,14,5054,291.0,496.0,169.0,572.0,2162.0,604.0,375.0,385.0,2419.0,3348.0
8,10,4,15,3424,242.0,364.0,80.0,299.0,1557.0,324.0,301.0,257.0,1607.0,2180.0
8,10,4,16,3440,220.0,343.0,113.0,427.0,1372.0,433.0,263.0,269.0,1654.0,2211.0
8,10,4,17,5448,382.0,561.0,213.0,646.0,2207.0,656.0,381.0,402.0,2552.0,3545.0
8,10,4,18,4576,298.0,437.0,118.0,485.0,2073.0,555.0,342.0,268.0,2219.0,2932.0
8,10,4,19,4302,464.0,596.0,175.0,427.0,1649.0,459.0,319.0,213.0,2049.0,2857.0
8,10,5,20,4287,509.0,667.0,147.0,525.0,1285.0,522.0,382.0,250.0,2027.0,2128.0
8,10,5,21,6346,562.0,1145.0,332.0,676.0,1692.0,903.0,580.0,456.0,3082.0,2852.0
8,20,6,22,3806,387.0,503.0,163.0,456.0,1318.0,467.0,312.0,200.0,1719.0,2453.0
8,20,6,23,2790,288.0,352.0,101.0,384.0,922.0,360.0,208.0,175.0,1234.0,1520.0
8,20,6,24,4075,375.0,507.0,144.0,436.0,1380.0,492.0,399.0,342.0,1985.0,2030.0
8,20,7,25,786,53.0,110.0,47.0,52.0,202.0,153.0,103.0,66.0,399.0,280.0
8,20,7,26,1813,211.0,235.0,59.0,153.0,614.0,243.0,150.0,148.0,907.0,844.0
8,20,7,27,2421,237.0,239.0,57.0,206.0,795.0,300.0,264.0,323.0,1182.0,1105.0
8,20,7,28,419,42.0,55.0,20.0,27.0,109.0,53.0,68.0,45.0,226.0,184.0
8,20,7,29,674,65.0,114.0,27.0,73.0,164.0,103.0,66.0,62.0,316.0,249.0
8,20,7,30,1072,60.0,132.0,45.0,106.0,301.0,191.0,114.0,123.0,491.0,535.0
8,20,8,31,2339,267.0,244.0,94.0,206.0,631.0,339.0,296.0,262.0,1165.0,1000.0
8,20,8,32,3628,362.0,560.0,164.0,340.0,1022.0,531.0,346.0,303.0,1790.0,1544.0
8,20,8,33,4052,381.0,618.0,185.0,505.0,1210.0,525.0,324.0,304.0,1919.0,2019.0
8,30,9,34,6603,702.0,866.0,295.0,609.0,1866.0,812.0,753.0,700.0,3340.0,2686.0
8,30,9,35,3194,292.0,359.0,97.0,305.0,919.0,436.0,373.0,413.0,1602.0,1286.0
8,30,10,36,3423,386.0,476.0,168.0,297.0,959.0,420.0,392.0,325.0,1704.0,1462.0
8,30,10,37,6115,633.0,764.0,221.0,584.0,1742.0,803.0,735.0,633.0,3046.0,2493.0
8,40,11,38,943,117.0,170.0,53.0,71.0,258.0,118.0,73.0,83.0,497.0,383.0
8,40,11,39,1421,147.0,143.0,49.0,141.0,376.0,232.0,157.0,176.0,700.0,598.0
8,40,11,40,930,83.0,115.0,65.0,99.0,232.0,151.0,115.0,70.0,466.0,406.0
8,40,12,41,3004,291.0,408.0,157.0,320.0,769.0,480.0,298.0,281.0,1469.0,1290.0
8,40,12,42,1783,135.0,286.0,82.0,185.0,445.0,250.0,208.0,192.0,875.0,719.0
8,40,12,43,3006,307.0,405.0,128.0,299.0,833.0,401.0,314.0,319.0,1472.0,1427.0
8,40,12,44,1769,157.0,290.0,77.0,174.0,421.0,276.0,184.0,190.0,883.0,583.0
8,40,12,45,1131,120.0,167.0,57.0,86.0,314.0,177.0,126.0,84.0,586.0,405.0
8,40,12,46,2150,233.0,306.0,98.0,194.0,562.0,301.0,243.0,213.0,1073.0,884.0
9,10,1,1,4369,464.0,438.0,128.0,397.0,2012.0,537.0,221.0,172.0,2131.0,2607.0
9,10,2,2,855,84.0,104.0,25.0,92.0,344.0,108.0,56.0,42.0,430.0,463.0
9,10,2,3,1374,144.0,103.0,12.0,209.0,629.0,115.0,70.0,92.0,647.0,891.0
9,10,3,4,2051,220.0,164.0,29.0,259.0,905.0,222.0,102.0,150.0,1001.0,1191.0
9,10,3,5,804,57.0,65.0,15.0,113.0,392.0,73.0,42.0,47.0,392.0,516.0
9,10,3,6,951,122.0,171.0,73.0,81.0,235.0,111.0,83.0,75.0,474.0,533.0
9,10,4,7,1093,151.0,96.0,34.0,152.0,415.0,74.0,61.0,110.0,553.0,635.0
9,10,4,8,1296,170.0,155.0,36.0,154.0,526.0,112.0,60.0,83.0,662.0,734.0
9,10,4,9,692,63.0,91.0,39.0,65.0,156.0,134.0,73.0,71.0,337.0,276.0
9,20,5,10,2458,294.0,230.0,56.0,440.0,1036.0,243.0,100.0,59.0,1098.0,1849.0
9,20,5,11,2998,378.0,340.0,101.0,522.0,1095.0,256.0,151.0,155.0,1495.0,2042.0
9,20,5,12,914,81.0,73.0,10.0,187.0,375.0,83.0,67.0,38.0,438.0,630.0
9,20,6,13,2986,345.0,268.0,67.0,557.0,1308.0,227.0,125.0,89.0,1344.0,2301.0
9,20,6,14,346,33.0,46.0,16.0,30.0,117.0,34.0,14.0,56.0,174.0,195.0
9,20,7,15,1289,134.0,87.0,18.0,368.0,564.0,55.0,44.0,19.0,595.0,965.0
9,20,7,16,1711,215.0,190.0,50.0,288.0,642.0,138.0,101.0,87.0,793.0,1233.0
9,20,7,17,1789,203.0,176.0,44.0,259.0,735.0,185.0,79.0,108.0,829.0,1241.0
9,20,8,18,359,62.0,21.0,6.0,40.0,136.0,46.0,20.0,28.0,182.0,231.0
9,20,8,19,1881,256.0,246.0,57.0,223.0,724.0,183.0,111.0,81.0,893.0,1343.0
9,30,9,20,2024,252.0,319.0,81.0,168.0,651.0,282.0,116.0,155.0,1004.0,928.0
9,30,9,21,323,12.0,49.0,24.0,18.0,128.0,52.0,21.0,19.0,156.0,153.0
9,30,9,22,1055,129.0,167.0,51.0,125.0,262.0,121.0,100.0,100.0,520.0,650.0
9,30,9,23,1717,222.0,283.0,75.0,198.0,473.0,185.0,159.0,122.0,868.0,791.0
9,30,10,24,293,27.0,55.0,10.0,48.0,92.0,21.0,22.0,18.0,140.0,131.0
9,30,10,25,1548,160.0,179.0,60.0,196.0,503.0,211.0,120.0,119.0,702.0,948.0
9,30,11,26,1127,157.0,143.0,24.0,117.0,418.0,116.0,58.0,94.0,565.0,666.0
9,30,12,27,196,19.0,30.0,3.0,12.0,33.0,27.0,21.0,51.0,96.0,75.0
9,30,12,28,281,42.0,37.0,3.0,15.0,87.0,34.0,18.0,45.0,143.0,140.0
9,40,13,29,726,65.0,91.0,11.0,68.0,201.0,100.0,36.0,154.0,349.0,364.0
9,40,13,30,210,25.0,39.0,6.0,16.0,45.0,26.0,16.0,37.0,118.0,101.0
9,40,14,31,505,61.0,53.0,17.0,48.0,131.0,56.0,42.0,97.0,266.0,220.0
9,40,14,32,253,44.0,32.0,17.0,10.0,77.0,33.0,12.0,28.0,136.0,140.0
9,40,14,33,595,53.0,64.0,26.0,90.0,216.0,39.0,29.0,78.0,259.0,402.0
9,40,15,34,1501,184.0,213.0,53.0,152.0,534.0,164.0,126.0,75.0,745.0,973.0
9,40,16,35,601,52.0,97.0,19.0,43.0,179.0,78.0,75.0,58.0,305.0,263.0
9,50,17,36,548,72.0,52.0,16.0,77.0,182.0,74.0,26.0,49.0,258.0,351.0
9,50,17,37,1233,127.0,161.0,72.0,118.0,353.0,148.0,67.0,187.0,640.0,593.0
9,50,18,38,1022,130.0,147.0,42.0,94.0,315.0,98.0,60.0,136.0,486.0,541.0
9,50,19,39,1051,121.0,67.0,33.0,149.0,435.0,89.0,63.0,94.0,531.0,693.0
9,50,19,40,445,57.0,39.0,3.0,84.0,177.0,36.0,16.0,33.0,210.0,309.0
9,50,19,41,336,46.0,19.0,10.0,19.0,155.0,25.0,21.0,41.0,176.0,200.0
9,50,20,42,442,45.0,45.0,16.0,46.0,183.0,46.0,25.0,36.0,247.0,261.0
9,50,20,43,852,73.0,108.0,30.0,109.0,257.0,109.0,59.0,107.0,424.0,457.0
10,10,1,1,1600,191.0,229.0,71.0,139.0,454.0,168.0,147.0,201.0,823.0,905.0
10,10,1,2,912,96.0,134.0,38.0,102.0,290.0,116.0,68.0,68.0,428.0,614.0
10,10,1,3,2015,197.0,264.0,82.0,262.0,590.0,233.0,201.0,186.0,986.0,1100.0
10,10,1,4,2196,233.0,404.0,116.0,155.0,659.0,250.0,194.0,185.0,1076.0,951.0
10,10,2,5,836,115.0,115.0,11.0,170.0,327.0,61.0,31.0,6.0,259.0,780.0
10,10,2,6,2735,352.0,391.0,113.0,288.0,839.0,285.0,219.0,248.0,1354.0,1402.0
10,10,2,7,1450,118.0,218.0,59.0,179.0,462.0,177.0,120.0,117.0,692.0,863.0
10,10,2,8,2325,247.0,291.0,79.0,286.0,768.0,221.0,169.0,264.0,1120.0,1299.0
10,10,2,9,2144,273.0,273.0,93.0,249.0,709.0,240.0,172.0,135.0,1008.0,1299.0
10,10,2,10,2877,290.0,411.0,124.0,321.0,889.0,325.0,238.0,279.0,1422.0,1429.0
10,10,3,11,659,42.0,80.0,21.0,107.0,222.0,96.0,58.0,33.0,268.0,382.0
10,10,3,12,3948,372.0,568.0,153.0,437.0,1253.0,452.0,330.0,383.0,1941.0,1953.0
10,10,3,13,1449,158.0,155.0,27.0,251.0,516.0,117.0,131.0,94.0,656.0,908.0
10,10,3,14,1229,125.0,189.0,53.0,117.0,371.0,158.0,95.0,121.0,635.0,599.0
10,10,3,15,1868,194.0,262.0,81.0,188.0,580.0,193.0,168.0,202.0,956.0,853.0
10,10,3,16,535,52.0,77.0,28.0,29.0,155.0,68.0,40.0,86.0,308.0,183.0
10,20,4,17,2411,332.0,443.0,115.0,221.0,726.0,269.0,157.0,148.0,1243.0,1378.0
10,20,4,18,697,94.0,82.0,24.0,99.0,198.0,63.0,54.0,83.0,361.0,396.0
10,20,4,19,1433,165.0,152.0,36.0,203.0,564.0,133.0,91.0,89.0,656.0,980.0
10,20,4,20,1909,298.0,325.0,87.0,214.0,610.0,156.0,110.0,109.0,959.0,1468.0
10,20,4,21,847,75.0,119.0,40.0,103.0,287.0,100.0,64.0,59.0,425.0,485.0
10,20,4,22,2463,317.0,354.0,82.0,338.0,853.0,232.0,168.0,119.0,1138.0,1975.0
10,20,4,23,1886,187.0,250.0,69.0,255.0,647.0,241.0,151.0,86.0,856.0,1303.0
10,20,5,24,1874,289.0,259.0,54.0,252.0,604.0,187.0,112.0,117.0,934.0,1227.0
10,20,5,25,1338,228.0,221.0,42.0,159.0,413.0,139.0,71.0,65.0,667.0,936.0
10,20,5,26,2081,294.0,351.0,97.0,234.0,742.0,168.0,115.0,80.0,959.0,1448.0
10,20,6,27,707,69.0,78.0,21.0,79.0,251.0,71.0,42.0,96.0,356.0,392.0
10,20,6,28,1532,255.0,192.0,50.0,193.0,518.0,151.0,94.0,79.0,790.0,1006.0
10,20,6,29,1516,162.0,165.0,50.0,141.0,544.0,156.0,105.0,193.0,777.0,827.0
10,20,6,30,915,93.0,117.0,32.0,75.0,245.0,106.0,102.0,145.0,471.0,433.0
10,30,7,31,1435,77.0,80.0,27.0,420.0,533.0,97.0,101.0,100.0,626.0,896.0
10,30,7,32,1652,195.0,190.0,54.0,197.0,500.0,195.0,155.0,166.0,820.0,986.0
10,30,7,33,722,86.0,113.0,20.0,57.0,257.0,73.0,49.0,67.0,359.0,367.0
10,30,7,34,1239,118.0,197.0,45.0,117.0,351.0,143.0,110.0,158.0,602.0,500.0
10,40,8,35,740,71.0,102.0,34.0,69.0,208.0,88.0,62.0,106.0,386.0,352.0
10,40,8,36,429,46.0,52.0,16.0,42.0,152.0,65.0,15.0,41.0,199.0,257.0
10,40,8,37,571,54.0,85.0,22.0,37.0,121.0,78.0,51.0,123.0,305.0,183.0
10,40,9,38,908,81.0,128.0,43.0,99.0,266.0,87.0,109.0,95.0,469.0,363.0
10,40,9,39,519,66.0,58.0,14.0,45.0,196.0,56.0,30.0,54.0,249.0,272.0
10,40,9,40,399,51.0,46.0,7.0,58.0,95.0,35.0,38.0,69.0,187.0,185.0
10,40,9,41,834,89.0,117.0,40.0,46.0,275.0,110.0,73.0,84.0,429.0,314.0
11,10,1,1,277,33.0,21.0,6.0,21.0,97.0,46.0,35.0,18.0,121.0,145.0
11,10,1,2,728,126.0,125.0,24.0,136.0,218.0,57.0,24.0,18.0,332.0,558.0
11,10,2,3,2976,408.0,469.0,122.0,312.0,915.0,297.0,249.0,204.0,1490.0,1879.0
11,10,2,4,2377,284.0,408.0,117.0,246.0,676.0,277.0,200.0,169.0,1173.0,1512.0
11,10,2,5,1733,213.0,229.0,52.0,222.0,599.0,167.0,126.0,125.0,866.0,1152.0
11,10,2,6,2212,331.0,301.0,70.0,299.0,751.0,179.0,149.0,132.0,1025.0,1586.0
11,10,3,7,3570,423.0,587.0,152.0,342.0,1066.0,429.0,320.0,251.0,1819.0,2118.0
11,10,3,8,2768,358.0,434.0,115.0,316.0,839.0,292.0,231.0,183.0,1324.0,1725.0
11,10,3,9,1267,160.0,144.0,52.0,172.0,450.0,92.0,89.0,108.0,592.0,866.0
11,20,4,10,3074,450.0,511.0,119.0,353.0,1120.0,302.0,115.0,104.0,1507.0,2255.0
11,20,4,11,1616,176.0,191.0,68.0,255.0,547.0,150.0,134.0,95.0,713.0,988.0
11,20,5,12,819,97.0,194.0,39.0,82.0,245.0,47.0,35.0,80.0,410.0,612.0
11,20,5,13,2655,370.0,345.0,100.0,378.0,1039.0,225.0,113.0,85.0,1221.0,2027.0
11,20,5,14,4494,526.0,658.0,172.0,530.0,1501.0,484.0,335.0,288.0,2270.0,2780.0
11,20,5,15,844,118.0,108.0,24.0,91.0,290.0,88.0,67.0,58.0,410.0,429.0
11,30,6,16,2198,227.0,314.0,81.0,286.0,760.0,240.0,156.0,134.0,1074.0,1317.0
11,30,6,17,1132,140.0,103.0,35.0,134.0,408.0,99.0,96.0,117.0,567.0,602.0
11,30,6,18,1007,113.0,79.0,22.0,154.0,433.0,96.0,40.0,70.0,541.0,674.0
11,30,6,19,2821,170.0,275.0,88.0,695.0,1018.0,231.0,174.0,170.0,1299.0,1860.0
11,30,6,20,3811,403.0,439.0,108.0,472.0,1437.0,440.0,282.0,230.0,1853.0,2332.0
11,30,7,21,3268,174.0,166.0,43.0,768.0,1429.0,385.0,216.0,87.0,1061.0,2950.0
11,30,7,22,2400,280.0,250.0,40.0,241.0,1052.0,187.0,172.0,178.0,1247.0,1361.0
11,30,7,23,1613,90.0,81.0,27.0,508.0,500.0,213.0,164.0,30.0,584.0,1384.0
11,30,7,24,1008,90.0,90.0,25.0,175.0,449.0,80.0,58.0,41.0,507.0,652.0
11,30,7,25,2143,228.0,214.0,56.0,288.0,909.0,222.0,131.0,95.0,1095.0,1381.0
11,30,8,26,3763,353.0,438.0,109.0,681.0,1303.0,346.0,300.0,233.0,1835.0,2365.0
11,40,9,27,1043,132.0,56.0,31.0,143.0,505.0,95.0,53.0,28.0,518.0,680.0
11,40,9,28,732,79.0,55.0,12.0,98.0,389.0,58.0,22.0,19.0,330.0,512.0
11,40,9,29,4132,446.0,381.0,76.0,590.0,1908.0,370.0,200.0,161.0,2034.0,2925.0
11,40,9,30,770,78.0,48.0,18.0,104.0,382.0,50.0,30.0,60.0,380.0,422.0
11,40,9,31,1772,158.0,216.0,64.0,252.0,669.0,173.0,132.0,108.0,865.0,1124.0
11,40,10,32,2133,162.0,218.0,72.0,348.0,882.0,212.0,122.0,117.0,962.0,1547.0
11,40,10,33,2506,317.0,343.0,88.0,297.0,912.0,240.0,174.0,135.0,1223.0,1477.0
11,40,10,34,995,93.0,119.0,37.0,134.0,382.0,87.0,81.0,62.0,483.0,657.0
11,40,11,35,3013,479.0,330.0,103.0,382.0,1051.0,250.0,199.0,219.0,1575.0,1794.0
11,40,11,36,1888,116.0,52.0,28.0,559.0,746.0,117.0,98.0,172.0,917.0,1377.0
11,40,11,37,2871,310.0,392.0,105.0,335.0,984.0,286.0,235.0,224.0,1462.0,1734.0
11,50,12,38,962,151.0,132.0,35.0,108.0,361.0,98.0,41.0,36.0,492.0,552.0
11,50,13,39,2345,253.0,159.0,38.0,582.0,993.0,144.0,69.0,107.0,993.0,1628.0
11,50,13,40,1410,155.0,197.0,38.0,169.0,485.0,134.0,115.0,117.0,679.0,690.0
11,50,13,41,1088,99.0,173.0,32.0,136.0,408.0,140.0,39.0,61.0,555.0,582.0
12,10,1,1,6043,599.0,722.0,235.0,694.0,2068.0,740.0,553.0,432.0,2890.0,3689.0
12,10,1,2,5025,478.0,670.0,201.0,613.0,1660.0,688.0,394.0,321.0,2357.0,3107.0
12,10,1,3,3446,305.0,348.0,90.0,401.0,1168.0,494.0,331.0,309.0,1646.0,1994.0
12,10,2,4,4188,419.0,488.0,138.0,443.0,1485.0,544.0,356.0,315.0,1995.0,2333.0
12,10,2,5,6520,576.0,736.0,210.0,923.0,2194.0,821.0,584.0,476.0,3062.0,3751.0
12,10,2,6,1515,158.0,141.0,28.0,151.0,537.0,190.0,151.0,159.0,720.0,802.0
12,20,3,7,1099,107.0,127.0,31.0,115.0,388.0,150.0,123.0,58.0,510.0,683.0
12,20,3,8,2444,218.0,277.0,82.0,253.0,778.0,308.0,275.0,253.0,1188.0,1286.0
12,20,3,9,5692,539.0,721.0,203.0,745.0,1817.0,768.0,495.0,404.0,2692.0,3554.0
12,20,3,10,4990,473.0,683.0,231.0,645.0,1477.0,639.0,449.0,393.0,2391.0,2975.0
12,20,4,11,284,23.0,31.0,6.0,47.0,72.0,60.0,35.0,10.0,113.0,180.0
12,20,4,12,2247,176.0,254.0,70.0,243.0,800.0,331.0,197.0,176.0,903.0,1227.0
12,20,4,13,3329,342.0,371.0,127.0,363.0,966.0,448.0,350.0,362.0,1681.0,1775.0
12,20,4,14,365,46.0,44.0,19.0,47.0,91.0,64.0,21.0,33.0,168.0,177.0
12,20,5,15,2657,236.0,274.0,67.0,255.0,856.0,388.0,249.0,332.0,1354.0,1528.0
12,40,6,16,854,69.0,138.0,57.0,66.0,176.0,148.0,95.0,105.0,447.0,351.0
12,40,6,17,994,87.0,154.0,43.0,97.0,233.0,145.0,114.0,121.0,552.0,365.0
12,40,6,18,606,70.0,91.0,12.0,52.0,149.0,83.0,56.0,93.0,287.0,237.0
12,40,6,19,1089,79.0,155.0,88.0,116.0,215.0,159.0,110.0,167.0,546.0,474.0
12,40,7,20,1146,125.0,174.0,59.0,79.0,225.0,146.0,171.0,167.0,654.0,417.0
12,40,7,21,1161,105.0,192.0,66.0,92.0,266.0,158.0,127.0,155.0,595.0,508.0
12,40,7,22,1240,107.0,156.0,44.0,88.0,311.0,199.0,138.0,197.0,655.0,556.0
12,40,7,23,1315,144.0,192.0,72.0,112.0,319.0,192.0,131.0,153.0,644.0,635.0
12,50,8,24,1570,112.0,179.0,50.0,140.0,473.0,241.0,159.0,216.0,840.0,772.0
12,50,8,25,1868,194.0,193.0,48.0,248.0,627.0,244.0,170.0,144.0,891.0,1223.0
12,50,9,26,1403,113.0,116.0,43.0,203.0,418.0,210.0,138.0,162.0,648.0,819.0
12,50,9,27,1578,139.0,219.0,75.0,191.0,420.0,212.0,162.0,160.0,785.0,764.0
12,50,9,28,983,103.0,126.0,39.0,116.0,258.0,162.0,85.0,94.0,488.0,436.0
12,50,9,29,884,75.0,172.0,42.0,57.0,222.0,121.0,89.0,106.0,443.0,314.0
12,50,9,30,3357,300.0,371.0,92.0,452.0,1149.0,416.0,300.0,277.0,1471.0,2071.0
12,60,10,31,991,72.0,84.0,40.0,101.0,243.0,154.0,157.0,140.0,495.0,445.0
12,60,10,32,2958,388.0,550.0,145.0,338.0,821.0,327.0,219.0,170.0,1429.0,1853.0
12,60,11,33,6118,686.0,1109.0,323.0,565.0,1730.0,747.0,530.0,428.0,3043.0,3057.0
12,60,11,34,6720,718.0,1150.0,387.0,709.0,1834.0,852.0,551.0,519.0,3352.0,3358.0
12,60,12,35,6157,653.0,1182.0,337.0,690.0,1619.0,794.0,505.0,377.0,3024.0,3247.0
12,60,12,36,1341,111.0,166.0,63.0,134.0,345.0,218.0,131.0,173.0,658.0,565.0
