id,inhabitants,inhabitants_with_migration_background,inhabitants_germans,inhabitants_germans_without_migration_background,inhabitants_germans_with_migration_background,inhabitants_foreigners,inhabitants,inhabitants_age_below_6,inhabitants_age_6_15,inhabitants_age_15_18,inhabitants_age_18_27,inhabitants_age_27_45,inhabitants_age_45_55,inhabitants_age_55_65,inhabitants_age_above_65,inhabitants_female,inhabitants_foreigners,inhabitants,inhabitants_with_migration_background_age_below_6,inhabitants_with_migration_background_age_6_15,inhabitants_with_migration_background_age_15_18,inhabitants_with_migration_background_age_18_27,inhabitants_with_migration_background_age_27_45,inhabitants_with_migration_background_age_45_55,inhabitants_with_migration_background_age_55_65,inhabitants_with_migration_background_age_above_65,inhabitants_with_migration_background_female,inhabitants_foreigners,inhabitants,inhabitants_from_european_union,inhabitants_from_france,inhabitants_from_greece,inhabitants_from_italy,inhabitants_from_austria,inhabitants_from_spain,inhabitants_from_poland,inhabitants_from_bulgaria,inhabitants_from_rumania,inhabitants_from_croatia,inhabitants_from_united_kingdom,inhabitants_from_former_yugoslavia,inhabitants_from_bosnia_herzegovina,inhabitants_from_serbia,inhabitants_from_former_soviet_union,inhabitants_from_russia,inhabitants_from_ukraine,inhabitants_from_kazakhstan,inhabitants_from_islamic_countries,inhabitants_from_turkey,inhabitants_from_iran,inhabitants_from_arabic_countries,inhabitants_from_lebanon,inhabitants_from_syria,inhabitants_from_vietnam,inhabitants_from_united_states,inhabitants_from_undefined
01011101,3126,1700,1962,1426,536,1164,3126,129,106,27,465,864,393,406,736,1504,1164,1700,115,91,21,365,609,189,177,133,801,1164,1700,536,36,56,58,18,54,21,110,28,41,15,64,9,25,296,118,42,29,428,66,74,216,12,37,36,9,71
01011102,199,66,142,133,9,57,199,6,9,0,21,57,40,36,30,85,57,66,0,0,0,12,36,12,6,0,27,57,66,33,0,0,3,3,6,0,6,0,0,0,3,0,3,6,0,3,0,6,3,0,3,0,3,6,0,3
01011103,5157,2838,3366,2319,1047,1791,5157,251,341,99,681,1468,746,740,831,2355,1791,2838,211,294,75,454,916,366,298,224,1313,1791,2838,911,148,34,73,9,41,55,204,79,111,33,180,34,71,414,162,89,31,892,287,51,336,36,86,42,49,149
01011104,4442,2793,2841,1649,1192,1601,4442,279,365,121,847,1545,654,339,292,2039,1601,2793,218,315,105,576,974,305,169,131,1324,1601,2793,732,91,31,70,25,48,33,162,73,30,6,94,57,12,246,101,53,13,1147,434,67,478,183,34,39,32,232
01011105,1118,616,668,502,166,450,1118,75,76,24,90,324,227,153,149,508,450,616,66,48,18,52,220,109,60,43,294,450,616,146,16,7,9,12,9,9,33,9,0,0,3,0,3,160,88,15,12,228,12,12,150,9,10,28,0,6
01011201,2062,1014,1416,1048,368,646,2062,73,137,41,246,539,353,318,355,986,646,1014,57,102,31,151,360,131,117,65,466,646,1014,300,22,9,34,9,10,21,28,104,21,3,12,3,3,275,114,73,10,191,36,3,130,21,6,27,28,67
01011202,499,202,350,297,53,149,499,19,33,9,42,165,92,75,64,239,149,202,10,26,9,15,97,18,21,6,100,149,202,80,15,3,6,10,6,6,6,0,4,0,9,0,6,25,19,3,0,9,3,0,0,0,0,28,0,0
01011203,946,466,597,480,117,349,946,51,38,12,99,279,192,126,149,471,349,466,33,22,9,69,172,82,45,34,224,349,466,182,18,16,20,9,15,12,19,10,6,3,12,0,3,191,124,9,0,30,12,3,9,0,0,18,3,13
01011204,6627,2631,4919,3996,923,1708,6627,261,321,97,616,1927,1010,868,1527,3304,1708,2631,180,252,62,332,1010,344,265,186,1338,1708,2631,960,62,43,76,58,65,44,154,215,39,19,85,15,36,531,259,82,37,524,98,19,309,19,83,79,69,83
01011301,5877,2142,4358,3735,623,1519,5877,405,291,53,573,2583,915,551,506,2848,1519,2142,196,134,28,269,1072,248,123,72,1074,1519,2142,975,115,25,85,82,82,69,135,33,55,22,61,9,18,301,151,57,13,258,65,37,100,3,22,124,15,47
01011302,12316,4390,9272,7926,1346,3044,12316,704,1007,229,1264,4975,2247,998,892,5952,3044,4390,338,452,85,659,2058,534,171,93,2111,3044,4390,2087,313,43,276,166,186,266,191,77,61,39,163,15,45,380,154,64,22,568,179,30,233,16,56,337,51,73
01011303,8602,3213,6339,5389,950,2263,8602,397,324,87,1017,3138,1224,849,1566,4091,2263,3213,235,211,48,524,1553,355,187,100,1513,2263,3213,1246,183,53,121,71,154,98,160,75,43,9,90,18,39,369,160,63,27,555,88,33,274,37,78,139,224,77
01011304,8454,2663,6811,5791,1020,1643,8454,377,444,142,859,1915,969,931,2817,4499,1643,2663,255,299,98,447,910,349,180,125,1342,1643,2663,653,61,30,97,12,82,21,122,57,25,7,170,19,21,321,122,56,28,562,211,19,197,10,47,42,520,100
01011305,7217,2195,5811,5022,789,1406,7217,320,315,90,651,2137,1000,763,1941,3575,1406,2195,178,191,55,270,979,292,131,99,1004,1406,2195,675,61,14,78,38,63,55,89,83,27,19,62,3,15,357,186,54,16,426,163,6,185,22,18,57,96,86
01011306,8797,3061,6823,5736,1087,1974,8797,481,411,137,950,2960,1359,998,1501,4360,1974,3061,269,264,89,550,1273,339,171,106,1541,1974,3061,1018,81,24,123,33,80,59,195,65,43,48,248,63,85,335,96,77,38,817,503,21,167,16,37,146,106,162
01011401,15467,5611,11421,9856,1565,4046,15467,1118,1143,232,1535,7036,2439,1056,908,7622,4046,5611,544,504,94,765,2859,510,211,124,2792,4046,5611,2735,381,117,319,224,214,267,275,80,99,25,289,92,82,577,248,110,19,661,133,48,247,9,63,315,68,107
01011402,12893,4262,9953,8631,1322,2940,12893,1076,884,140,1075,6371,1921,688,738,6435,2940,4262,467,332,28,479,2389,365,122,80,2172,2940,4262,2362,319,86,362,161,229,281,231,50,53,27,96,12,39,305,123,76,10,265,71,18,119,10,13,355,38,73
01022101,3434,1722,2235,1712,523,1199,3434,199,161,79,696,1226,473,316,284,1512,1199,1722,154,134,60,315,623,204,138,94,770,1199,1722,766,36,49,51,18,24,18,301,63,116,17,140,36,68,83,28,21,0,536,150,15,314,132,15,21,15,93
01022102,6284,3565,3835,2719,1116,2449,6284,306,407,137,1173,2198,895,609,559,2826,2449,3565,247,325,106,556,1339,477,291,224,1608,2449,3565,1209,59,81,103,26,39,45,370,161,53,95,337,47,120,194,62,42,10,1342,564,31,545,147,48,15,49,213
01022103,263,179,130,84,46,133,263,22,40,6,22,88,43,23,19,117,133,179,19,24,6,15,76,13,10,16,81,133,179,37,0,6,0,0,3,3,7,6,3,0,6,0,0,6,0,0,0,115,42,9,24,9,3,0,3,6
01022104,17903,8277,12701,9626,3075,5202,17903,957,1078,317,2849,6124,2582,1979,2017,8575,5202,8277,648,794,211,1191,2957,1138,736,602,3898,5202,8277,2717,218,151,274,79,137,122,810,213,155,179,706,91,282,538,201,107,38,2930,1510,94,948,367,115,123,107,516
01022105,5147,2857,3439,2290,1149,1708,5147,302,353,159,894,1754,655,507,523,2452,1708,2857,241,316,134,467,964,356,214,165,1358,1708,2857,841,63,31,86,19,41,21,225,153,75,33,222,33,124,199,66,42,9,1206,568,37,473,203,24,33,15,186
01022106,11560,3832,9323,7728,1595,2237,11560,622,731,267,1285,3400,1914,1509,1832,5826,2237,3832,314,395,133,510,1388,473,347,272,1853,2237,3832,1293,130,48,120,81,88,79,320,87,79,57,288,67,110,403,159,94,41,1125,448,50,471,124,68,96,21,188
01022201,10538,4832,7626,5706,1920,2912,10538,622,622,226,1906,3886,1458,908,910,4952,2912,4832,395,461,171,813,1745,645,342,260,2286,2912,4832,1546,177,66,199,63,82,69,346,90,129,54,303,45,138,318,117,73,24,1877,1152,58,457,145,59,81,34,305
01022202,1467,947,1002,520,482,465,1467,95,169,61,220,428,200,117,177,744,465,947,76,145,58,137,282,111,56,82,478,465,947,128,12,3,21,6,6,0,37,10,3,3,31,9,13,50,37,10,0,567,361,3,175,54,15,3,3,117
01022203,6866,3876,4679,2990,1689,2187,6866,452,598,182,1011,2104,872,683,964,3379,2187,3876,358,489,161,511,1238,465,307,347,1937,2187,3876,872,44,45,87,24,37,33,274,56,58,56,347,99,107,249,68,72,7,1831,1056,21,628,248,56,25,29,365
01022204,5898,2207,4507,3691,816,1391,5898,286,350,102,702,1804,963,690,1001,2906,1391,2207,153,195,54,337,838,304,191,135,1042,1391,2207,912,77,58,86,30,52,64,230,111,30,13,67,20,19,232,92,62,15,620,286,31,237,56,60,52,21,106
01022205,3219,1811,2289,1408,881,930,3219,220,315,117,392,833,421,380,541,1584,930,1811,182,264,102,201,542,213,164,143,908,930,1811,377,15,15,52,15,18,12,146,27,24,19,161,43,68,282,117,79,12,767,301,36,296,94,65,6,13,147
01022206,3044,1140,2434,1904,530,610,3044,176,215,43,330,968,516,374,422,1426,610,1140,109,131,24,133,390,162,105,86,545,610,1140,458,33,39,34,18,18,15,177,18,19,4,51,9,17,131,56,24,18,325,148,23,92,15,15,22,15,59
01022207,5581,2317,3966,3264,702,1615,5581,219,252,81,965,1379,784,650,1251,2728,1615,2317,119,142,52,695,770,210,171,158,1125,1615,2317,884,79,33,68,50,91,54,189,74,33,12,94,16,39,285,100,48,19,418,130,46,124,19,31,87,42,83
01033101,26241,15446,16231,10795,5436,10010,26241,1981,2336,803,4512,8410,3348,2173,2678,12395,10010,15446,1568,1968,685,2453,4951,1933,1037,851,7179,10010,15446,4495,160,445,274,102,159,92,1216,998,412,167,1458,400,560,766,325,97,81,6975,4433,31,1637,600,158,95,83,1032
01033102,11602,6811,7331,4791,2540,4271,11602,856,979,339,1830,3932,1522,920,1224,5578,4271,6811,649,870,296,1033,2237,858,471,397,3214,4271,6811,1813,109,100,143,34,60,60,449,387,137,90,576,168,201,306,106,72,24,3313,2315,22,712,211,67,65,42,528
01033201,12955,8337,9116,4618,4498,3839,12955,1042,1508,452,1722,3740,1665,1209,1617,6464,3839,8337,898,1360,402,1017,2469,1033,639,519,4104,3839,8337,1171,86,47,106,40,83,51,387,106,42,47,377,103,112,574,233,115,106,5040,3218,7,1402,710,116,54,31,936
01033202,9720,5177,7214,4543,2671,2506,9720,648,851,246,1170,2692,1330,990,1793,4921,2506,5177,529,715,202,662,1605,696,390,378,2580,2506,5177,1023,46,35,101,27,46,42,442,52,38,89,334,53,129,447,200,90,60,2635,1814,18,521,150,64,48,30,552
01033203,13974,8558,8757,5416,3341,5217,13974,991,1259,420,2299,4564,1811,1123,1507,6473,5217,8558,842,1132,363,1350,2771,1042,522,536,3954,5217,8558,2170,100,97,175,46,111,82,679,298,162,110,719,188,227,480,234,64,54,4113,2447,40,1196,486,105,83,50,597
01044101,20069,8880,14514,11189,3325,5555,20069,1051,1294,388,3085,5907,3117,2186,3041,9708,5555,8880,712,945,244,1302,3090,1256,789,542,4080,5555,8880,2968,211,149,261,73,90,105,952,495,119,179,754,151,255,506,200,91,45,3490,2188,73,782,220,68,86,63,606
01044102,15825,5645,12460,10180,2280,3365,15825,791,866,286,1915,4088,2236,1871,3772,8212,3365,5645,524,544,153,791,1957,744,500,432,2681,3365,5645,1937,107,104,138,46,61,45,815,259,57,103,575,114,168,302,124,53,24,2135,1330,29,506,126,80,36,51,439
01044103,8094,3919,5540,4175,1365,2554,8094,429,457,144,1349,2924,1201,823,767,3792,2554,3919,319,371,108,594,1467,545,297,218,1840,2554,3919,1324,78,92,134,45,48,52,324,221,64,74,265,39,57,281,135,54,22,1432,818,43,395,123,47,51,54,224
01044201,23308,15406,13489,7902,5587,9819,23308,1575,2155,735,4241,7428,3025,1810,2339,11010,9819,15406,1362,1980,651,2445,4970,2093,988,917,7198,9819,15406,3978,206,238,302,106,152,130,1018,860,349,133,1379,490,488,704,286,136,52,7296,4511,55,1997,793,166,129,101,1101
01044202,16628,9289,10191,7339,2852,6437,16628,936,1002,382,3333,6398,2084,1370,1123,7633,6437,9289,678,841,331,1871,3532,1048,614,374,4219,6437,9289,2919,165,217,208,97,171,102,834,471,167,96,561,114,233,402,146,69,42,3657,1669,52,1264,360,111,103,81,456
01044203,15944,8916,10067,7028,3039,5877,15944,887,1127,367,2579,5171,2056,1524,2233,7468,5877,8916,697,962,307,1358,2987,1204,714,687,4047,5877,8916,2779,127,226,172,59,138,62,777,590,122,120,698,187,275,375,123,56,36,3985,2597,51,872,297,75,74,56,528
02010101,6140,4237,3701,1903,1798,2439,6140,356,506,192,1158,2046,785,554,543,2806,2439,4237,312,465,172,808,1458,493,307,222,1991,2439,4237,929,43,61,133,39,58,40,201,118,35,33,154,53,38,414,172,82,46,1897,908,79,741,292,86,30,40,363
02010102,13237,8731,9168,4506,4662,4069,13237,967,1405,446,1788,3837,1844,1231,1719,6631,4069,8731,852,1300,389,1090,2634,1205,629,632,4405,4069,8731,1455,101,125,180,64,58,62,355,141,59,104,387,123,97,575,181,134,36,4808,3006,61,1565,629,145,113,26,1109
02010103,15588,10538,10253,5050,5203,5335,15588,1137,1611,540,2043,4529,2188,1465,2075,7676,5335,10538,1001,1450,458,1421,3307,1407,741,753,5085,5335,10538,1361,91,105,140,64,89,58,372,169,64,37,334,110,123,265,103,52,24,6808,5621,52,859,237,103,46,44,1331
02010104,5103,3240,3471,1863,1608,1632,5103,313,563,187,680,1477,809,518,556,2563,1632,3240,251,489,162,441,986,478,223,210,1592,1632,3240,474,48,39,94,16,46,36,64,39,12,6,75,32,31,33,15,3,0,2000,1515,30,413,122,48,47,9,434
02020201,296,139,218,157,61,78,296,33,21,3,27,121,42,26,23,129,78,139,21,15,3,9,60,9,13,9,57,78,139,57,9,0,9,0,0,9,3,0,6,3,3,0,0,6,3,0,3,49,21,7,15,3,0,6,0,0
02020202,5844,2330,4327,3514,813,1517,5844,367,419,168,745,1979,951,671,544,2827,1517,2330,172,203,114,378,823,298,197,145,1130,1517,2330,829,117,58,106,32,65,55,133,30,24,66,176,48,44,97,45,12,3,768,385,21,292,101,63,78,12,157
02020203,10728,3870,8387,6858,1529,2341,10728,684,697,173,1206,3939,1751,1176,1102,5296,2341,3870,321,367,95,537,1513,495,293,249,1883,2341,3870,1617,179,89,277,100,109,134,248,48,35,96,234,39,54,95,43,9,6,1038,626,34,282,116,15,187,21,238
02020204,12167,4844,9106,7323,1783,3061,12167,689,771,267,1378,4573,2056,1319,1114,5906,3061,4844,351,397,156,661,2009,608,363,299,2331,3061,4844,1925,228,93,257,112,154,142,308,86,88,107,331,66,106,212,92,39,16,1452,923,90,337,97,37,171,24,269
02020205,14832,5646,11380,9186,2194,3452,14832,803,1013,339,1516,5274,2719,1747,1421,7337,3452,5646,373,559,190,705,2151,834,432,402,2771,3452,5646,2133,295,145,312,145,204,204,216,63,63,106,261,39,61,133,66,33,13,1866,1409,57,297,102,27,271,12,362
02020206,19032,8352,13950,10680,3270,5082,19032,1299,1355,467,1941,7487,2945,1909,1629,9435,5082,8352,704,887,318,1035,3360,1025,537,486,4084,5082,8352,2958,365,145,439,160,250,246,347,207,74,119,378,84,117,174,61,12,15,3132,2001,46,961,503,61,339,10,525
02030301,9157,5679,5642,3478,2164,3515,9157,467,718,283,1132,3260,1503,855,939,4393,3515,5679,326,590,244,763,1877,812,432,635,2771,3515,5679,1093,143,58,166,89,114,122,79,61,27,12,94,55,18,55,15,12,3,3399,3101,24,213,61,19,100,12,588
02030302,13272,6978,8953,6294,2659,4319,13272,750,1034,359,1463,4965,2083,1347,1271,6322,4319,6978,481,733,273,876,2611,953,470,581,3337,4319,6978,1740,197,86,243,114,186,179,155,115,45,54,226,48,90,123,48,18,9,3558,3083,39,347,92,28,202,17,589
02030401,15187,7058,10587,8129,2458,4600,15187,890,1012,312,1622,6413,2337,1409,1192,7303,4600,7058,467,704,225,909,3000,836,431,486,3386,4600,7058,2403,236,99,392,176,239,238,239,110,46,39,225,45,66,146,50,19,24,2731,2134,50,428,161,18,304,3,495
02030402,11244,5458,7590,5786,1804,3654,11244,648,698,249,1254,4846,1704,1012,833,5482,3654,5458,340,462,164,724,2252,689,369,458,2680,3654,5458,1856,260,85,296,77,197,187,212,130,33,34,143,30,55,125,46,24,7,2192,1934,18,153,56,15,214,6,393
02040501,5447,1189,4770,4258,512,677,5447,297,324,78,393,1156,740,663,1796,2877,677,1189,155,163,37,131,421,154,94,34,612,677,1189,278,27,6,28,10,21,21,52,46,3,9,49,0,21,206,104,30,12,234,27,10,116,9,30,15,269,44
02040502,7152,1601,6144,5551,593,1008,7152,381,369,96,774,2567,923,664,1378,3659,1008,1601,151,185,38,218,686,188,94,41,807,1008,1601,542,52,16,45,27,42,38,114,61,15,3,72,9,51,202,88,33,27,240,38,15,94,6,36,30,271,49
02040503,10726,2207,9238,8519,719,1488,10726,703,530,125,1233,4748,1272,748,1367,5366,1488,2207,208,181,45,392,1072,185,87,37,1103,1488,2207,1074,123,24,160,76,99,93,191,28,24,33,115,31,27,166,73,30,21,181,60,9,50,3,15,75,208,74
02040701,12316,3952,9711,8364,1347,2605,12316,573,641,196,1759,3711,1385,1166,2885,6323,2605,3952,314,395,100,922,1515,361,228,117,1914,2605,3952,934,88,29,87,37,89,43,200,124,27,9,273,61,70,638,248,128,61,999,258,23,288,51,37,50,452,131
02040702,10671,2178,9248,8493,755,1423,10671,648,597,122,1084,4658,1496,793,1273,5180,1423,2178,205,164,32,321,1099,217,98,42,1020,1423,2178,1125,131,27,175,78,123,83,167,63,28,15,66,27,9,211,89,36,33,234,61,7,74,0,31,106,80,55
02040703,928,611,412,317,95,516,928,75,89,23,201,397,64,63,16,420,516,611,65,67,16,142,255,39,27,0,272,516,611,378,12,7,10,9,22,12,59,19,172,3,25,3,6,57,23,6,0,85,52,0,13,0,0,9,15,9
02050601,8785,2139,7258,6646,612,1527,8785,558,348,75,1233,4615,984,472,500,4141,1527,2139,207,125,24,361,1130,177,84,31,1037,1527,2139,1046,132,40,147,50,121,106,155,24,47,7,73,24,33,177,46,33,31,288,64,12,93,12,12,80,159,43
02050602,20075,4814,16768,15261,1507,3307,20075,1371,1268,261,2495,10243,2406,1113,918,9710,3307,4814,382,378,84,849,2477,398,162,84,2367,3307,4814,2520,358,68,405,161,252,176,288,81,94,42,182,61,34,437,166,92,66,512,160,21,154,22,28,205,207,94
02050801,18879,5103,15276,13776,1500,3603,18879,1180,1032,244,2629,9890,2094,946,864,9079,3603,5103,367,405,84,961,2644,426,165,51,2424,3603,5103,2446,342,70,392,134,304,184,282,75,67,21,302,99,92,401,147,42,51,556,138,21,165,24,35,220,351,132
02050802,19959,4987,16334,14972,1362,3625,19959,1279,965,187,2501,11180,2272,880,695,9491,3625,4987,353,236,45,872,2918,325,177,61,2347,3625,4987,2930,430,63,405,184,336,242,336,90,101,30,130,18,40,371,147,58,37,376,128,26,114,6,18,235,78,121
02050803,6664,1601,5530,5063,467,1134,6664,407,271,75,949,3285,722,446,509,3217,1134,1601,129,65,21,324,853,116,60,33,743,1134,1601,855,105,22,130,36,90,60,127,51,66,18,60,12,12,126,49,24,25,208,83,9,58,6,9,51,44,70
02050804,3567,697,3162,2870,292,405,3567,305,328,68,229,1294,586,326,431,1668,405,697,69,74,12,127,285,80,25,25,245,405,697,295,30,18,18,21,18,22,66,12,16,3,36,6,21,70,40,6,6,156,35,4,68,6,21,18,34,17
03010101,3507,353,3289,3154,135,218,3507,272,239,67,298,1007,591,426,607,1722,218,353,52,31,0,37,155,48,24,6,155,218,353,181,6,0,0,15,6,9,61,24,3,18,43,6,6,51,18,15,3,56,16,3,25,3,3,0,0,12
03010102,11649,1447,10594,10202,392,1055,11649,772,922,244,1143,2707,1447,1415,2999,6107,1055,1447,170,179,41,272,504,125,91,65,623,1055,1447,311,9,3,9,13,16,3,174,12,21,6,283,60,110,318,160,51,48,367,43,12,147,12,35,28,40,16
03010104,213,39,192,174,18,21,213,7,25,3,15,97,41,16,9,81,21,39,0,6,0,3,21,6,3,0,15,21,39,36,3,3,6,0,0,3,3,0,3,0,0,0,0,3,3,0,0,0,0,0,0,0,0,0,0,0
03020203,2053,81,2023,1972,51,30,2053,125,161,42,97,396,399,336,497,1018,30,81,18,9,3,12,21,9,0,9,36,30,81,51,0,0,0,3,6,0,24,0,6,0,0,0,0,12,6,0,3,12,6,0,0,0,0,0,3,0
03020209,14143,1651,13218,12492,726,925,14143,951,1349,366,1117,3666,2683,1591,2420,7306,925,1651,175,251,48,300,546,208,81,42,818,925,1651,772,84,46,45,33,37,42,222,43,37,21,48,12,9,187,78,33,24,224,57,12,70,9,6,98,37,42
03020210,10503,951,10051,9552,499,452,10503,747,917,283,677,2812,2045,1249,1773,5361,452,951,130,138,46,60,321,146,73,37,470,452,951,383,15,3,24,24,9,15,149,12,63,0,36,6,15,171,56,33,30,225,84,0,78,21,27,24,15,30
03020307,17366,1691,16812,15675,1137,554,17366,1121,1608,552,1171,4169,3476,2361,2908,8856,554,1691,189,269,94,125,502,232,180,100,902,554,1691,553,21,27,29,9,27,3,272,34,21,24,70,13,21,602,286,46,168,411,117,6,70,15,9,27,22,63
03030405,10610,906,10267,9704,563,343,10610,833,1023,284,878,3094,1640,1109,1749,5586,343,906,109,136,49,61,305,105,91,50,448,343,906,316,4,9,6,27,16,6,152,9,19,14,86,0,24,325,173,27,81,171,27,0,38,3,13,3,37,15
03030406,8147,463,7968,7684,284,179,8147,385,695,231,532,1505,1739,1344,1716,4117,179,463,61,58,27,43,139,62,46,27,238,179,463,171,12,15,3,18,9,6,57,15,3,0,15,0,9,123,46,9,47,93,3,0,30,9,9,25,0,12
03030711,6724,310,6607,6414,193,117,6724,333,549,192,389,1310,1400,1090,1461,3401,117,310,42,60,21,21,91,45,21,9,160,117,310,130,7,3,6,6,3,9,66,15,0,0,9,0,6,54,9,12,9,51,6,3,27,3,0,3,3,18
03030715,6687,523,6436,6164,272,251,6687,340,488,176,476,1387,1398,1067,1355,3310,251,523,69,73,24,46,185,66,48,12,234,251,523,188,16,0,13,9,9,6,46,36,7,3,12,6,3,76,38,6,9,139,52,6,51,12,6,12,18,36
03030716,1136,34,1126,1102,24,10,1136,40,75,18,45,181,232,181,364,573,10,34,3,12,0,0,3,13,3,0,19,10,34,6,0,0,0,0,0,0,6,0,0,0,0,0,0,6,6,0,0,0,0,0,0,0,0,9,4,0
03040508,4593,844,4349,3749,600,244,4593,255,494,170,404,969,977,604,720,2290,244,844,87,150,52,74,212,117,91,61,408,244,844,230,19,3,9,12,0,3,106,39,0,9,33,3,18,230,90,12,85,334,165,3,33,0,15,0,19,71
03040512,9565,1054,9132,8511,621,433,9565,509,799,270,687,2189,1781,1183,2147,4960,433,1054,119,165,60,113,341,148,67,41,548,433,1054,397,42,15,31,25,15,31,134,6,15,12,56,9,26,153,69,21,42,292,165,12,49,9,6,23,9,54
03040513,3367,401,3191,2966,225,176,3367,205,353,135,252,707,630,391,694,1755,176,401,53,61,33,48,113,42,33,18,190,176,401,195,12,9,12,21,6,13,70,6,12,0,15,6,3,46,19,6,12,64,25,3,9,0,6,18,0,18
03040614,34543,3662,32595,30881,1714,1948,34543,2677,3111,671,2561,10333,5513,3116,6561,18401,1948,3662,512,501,91,398,1379,436,200,145,1864,1948,3662,1740,126,42,156,134,93,128,457,106,78,34,124,16,33,515,241,70,53,485,126,33,150,38,9,126,95,125
03040818,33787,4075,31135,29712,1423,2652,33787,2202,2359,595,2794,11438,5126,3328,5945,17751,2652,4075,495,413,91,566,1808,390,199,113,2061,2652,4075,1861,156,42,237,114,129,114,482,91,92,25,292,95,82,571,224,110,33,635,90,34,275,45,57,81,62,63
03050919,5555,928,4763,4627,136,792,5555,362,337,104,512,1633,905,558,1144,2817,792,928,129,100,30,189,350,77,38,15,383,792,928,112,9,3,6,6,12,9,50,3,4,0,304,73,106,102,24,6,15,344,15,36,177,12,90,6,41,9
03050920,7168,765,6737,6403,334,431,7168,499,577,103,555,2135,1113,692,1494,3766,431,765,123,106,10,83,300,83,45,15,371,431,765,399,31,22,19,18,24,28,94,57,6,0,27,3,9,110,47,15,9,91,25,7,28,9,0,16,18,19
03050923,8820,1309,7987,7511,476,833,8820,660,567,130,931,3557,1364,775,836,4256,833,1309,143,134,24,163,565,179,65,36,621,833,1309,672,54,21,101,30,30,46,172,51,27,6,66,25,22,139,56,18,18,175,51,6,54,0,15,34,78,36
03050924,5613,949,4967,4664,303,646,5613,400,448,106,663,2203,859,446,488,2722,646,949,88,83,21,156,452,89,36,24,444,646,949,493,31,21,49,18,24,24,129,57,32,27,85,30,10,86,38,15,15,132,42,12,48,10,7,25,28,12
03050925,8772,1041,8145,7731,414,627,8772,666,832,215,689,2994,1481,712,1183,4510,627,1041,127,142,49,129,403,106,57,28,508,627,1041,462,31,21,72,27,19,18,109,18,29,15,63,15,18,158,61,24,21,142,33,0,34,6,6,19,85,32
03051017,4138,653,3685,3485,200,453,4138,232,276,97,485,1216,776,501,555,2039,453,653,43,55,19,173,220,89,39,15,293,453,653,236,16,22,33,9,6,12,62,18,12,0,21,6,12,156,64,22,42,199,19,0,97,3,76,9,34,3
03051021,6483,535,6113,5948,165,370,6483,333,334,103,592,1608,916,595,2002,3470,370,535,77,59,21,91,192,56,15,24,292,370,535,160,3,3,13,10,16,6,55,15,12,3,70,24,25,121,88,15,6,86,9,0,33,6,12,0,46,10
03051022,4518,261,4397,4257,140,121,4518,267,335,96,366,1048,736,527,1143,2487,121,261,34,47,9,36,65,42,16,12,129,121,261,108,3,6,6,0,4,3,50,0,3,3,15,3,6,66,24,10,9,48,9,0,19,0,4,4,12,9
03061126,14905,3363,12632,11542,1090,2273,14905,995,951,164,1732,7042,2057,889,1075,7263,2273,3363,305,256,42,561,1775,272,100,52,1619,2273,3363,1760,246,57,245,131,143,145,218,51,76,21,98,16,27,330,136,28,23,393,101,18,142,29,18,171,64,63
03061131,10145,2846,8177,7299,878,1968,10145,754,651,125,1083,4917,1592,551,472,5007,1968,2846,286,211,44,432,1472,268,94,39,1416,1968,2846,1624,294,37,249,115,133,145,180,33,36,12,66,6,27,238,112,38,15,179,35,19,74,3,3,195,31,42
03061227,14376,3086,12306,11290,1016,2070,14376,917,832,173,1413,6509,2024,978,1530,7379,2070,3086,279,241,51,419,1691,260,96,49,1550,2070,3086,1598,158,78,246,119,164,157,211,46,41,12,72,9,33,279,122,60,24,243,80,29,76,13,6,132,91,60
03061228,12462,2202,10990,10260,730,1472,12462,608,537,139,1459,4954,1675,1021,2069,6373,1472,2202,200,173,36,356,1076,215,95,51,1102,1472,2202,1091,84,53,153,39,109,76,177,83,48,15,64,21,13,213,85,25,27,288,60,18,107,13,24,71,158,49
03061332,22176,5929,18265,16247,2018,3911,22176,1859,1802,325,1912,10459,3861,1129,829,10939,3911,5929,682,515,95,715,3068,606,173,75,2950,3911,5929,3147,430,113,465,236,333,315,286,52,81,56,144,9,48,435,223,75,39,474,130,43,189,18,45,424,78,82
03061429,10078,1068,9442,9010,432,636,10078,369,483,158,733,1938,1215,1058,4124,5432,636,1068,131,147,39,147,395,102,68,39,527,636,1068,328,12,9,43,9,27,21,106,46,9,6,37,0,12,162,48,34,15,249,62,9,47,0,18,25,149,12
03061430,3206,667,2695,2539,156,511,3206,188,214,61,291,709,482,357,904,1662,511,667,110,90,19,110,219,52,43,24,318,511,667,107,9,10,9,3,0,3,39,3,0,0,119,46,39,84,24,12,9,257,18,3,132,3,46,6,71,0
03061434,6124,1173,5330,4951,379,794,6124,453,333,60,664,2760,854,441,559,3077,794,1173,103,78,21,207,567,105,58,34,577,794,1173,623,54,21,69,37,65,46,118,25,15,9,27,6,9,141,72,24,9,109,19,7,31,6,3,48,33,13
03061435,3907,859,3327,3048,279,580,3907,214,222,54,460,1561,539,330,527,1925,580,859,75,83,18,126,386,98,49,24,425,580,859,380,31,6,61,13,27,33,62,27,20,9,39,15,12,73,37,21,3,94,6,6,60,3,30,27,130,19
03061441,2418,526,2164,1892,272,254,2418,360,324,46,136,959,294,112,187,1226,254,526,106,104,16,42,187,43,9,19,279,254,526,238,9,3,22,12,37,24,46,22,9,0,25,6,9,79,39,25,0,21,3,0,3,0,0,21,19,12
03071536,10594,3390,8313,7204,1109,2281,10594,867,878,169,945,4774,1947,549,465,5153,2281,3390,324,356,51,423,1706,365,102,63,1688,2281,3390,1779,291,61,230,153,196,169,145,36,43,21,69,9,15,259,108,43,18,231,73,18,70,6,6,284,40,67
03071537,14620,4338,11567,10282,1285,3053,14620,1120,1254,291,1213,6149,2746,1024,823,7176,3053,4338,464,460,73,500,2097,498,133,113,2134,3053,4338,2252,285,96,276,168,212,271,192,58,39,30,179,43,54,323,138,64,12,368,50,35,185,9,72,326,110,71
03071633,2709,500,2429,2209,220,280,2709,136,199,60,242,691,377,440,564,1365,280,500,52,82,12,62,199,45,24,24,246,280,500,147,14,0,19,3,9,9,36,9,6,0,23,16,4,85,48,13,6,100,30,0,27,6,0,3,39,12
03071638,16933,4613,13819,12320,1499,3114,16933,1349,1392,299,1619,7349,2767,1057,1101,8388,3114,4613,487,436,85,631,2274,435,183,82,2294,3114,4613,2529,360,54,363,182,240,256,292,114,75,30,100,12,24,406,161,75,43,373,97,40,144,18,20,232,147,59
03071639,12257,2764,10522,9493,1029,1735,12257,991,1255,203,937,4857,2299,826,889,6204,1735,2764,349,341,34,293,1237,321,137,52,1379,1735,2764,1428,174,55,163,111,100,165,211,39,54,15,73,16,24,224,111,31,15,251,101,9,67,6,3,207,69,40
04010101,10389,4280,8073,6109,1964,2316,10389,532,703,219,1066,2529,1507,1361,2472,5463,2316,4280,357,451,130,552,1380,612,466,332,2134,2316,4280,1569,36,56,76,18,34,48,941,53,69,71,297,64,73,443,188,89,62,1408,746,173,289,57,41,29,55,310
04010102,815,292,565,523,42,250,815,37,39,9,100,164,130,141,195,307,250,292,21,21,6,69,87,39,40,9,65,250,292,110,3,3,9,3,3,0,41,24,6,3,96,30,51,15,6,3,0,46,13,9,21,6,12,0,3,12
04010103,7638,3659,5898,3979,1919,1740,7638,474,629,202,773,1805,1078,843,1834,4055,1740,3659,374,467,142,406,1136,508,333,293,1888,1740,3659,935,20,22,21,18,12,6,658,52,35,18,199,34,79,625,209,162,124,1502,803,79,393,112,59,6,67,323
04020204,163,61,123,102,21,40,163,9,24,3,9,33,33,27,25,70,40,61,6,15,3,6,9,6,6,10,19,40,61,25,0,0,3,0,3,10,6,0,0,0,0,0,0,0,0,0,0,12,0,0,9,0,0,0,0,3
04020205,1256,264,1102,992,110,154,1256,61,96,37,93,230,224,187,328,647,154,264,18,33,3,41,79,48,27,15,130,154,264,124,15,6,6,6,7,15,21,3,7,3,21,9,9,25,6,6,0,37,12,10,12,3,3,24,0,6
04020206,2541,480,2271,2061,210,270,2541,67,90,27,98,345,259,358,1297,1435,270,480,33,48,21,34,148,66,57,73,260,270,480,174,3,12,31,3,5,18,63,6,9,3,21,6,9,50,22,13,6,105,33,15,33,0,9,22,0,36
04020207,2598,693,2208,1905,303,390,2598,96,185,74,181,529,512,319,702,1350,390,693,47,90,28,43,231,113,73,68,347,390,693,300,15,6,21,23,10,45,77,15,6,15,27,3,6,74,16,24,0,126,46,19,34,3,9,23,3,49
04020208,2848,691,2476,2157,319,372,2848,112,304,106,187,455,535,337,812,1420,372,691,43,120,30,61,192,133,67,45,334,372,691,346,18,10,12,12,28,62,74,33,3,15,45,3,6,97,43,9,6,65,37,13,6,3,3,33,27,34
04020209,3130,1106,2272,2024,248,858,3130,112,267,87,669,622,420,326,627,1574,858,1106,39,71,24,404,400,80,67,21,526,858,1106,458,37,25,44,27,56,24,90,34,19,0,19,0,3,124,45,33,3,185,33,40,48,9,9,46,12,37
04020310,602,291,350,311,39,252,602,13,9,3,196,185,36,55,105,268,252,291,10,6,0,118,129,9,15,4,129,252,291,73,9,3,0,0,0,0,27,15,10,3,6,0,3,21,12,3,0,110,19,13,37,0,7,9,0,12
04020311,14127,3701,12026,10426,1600,2101,14127,512,930,319,1168,2794,2207,1789,4408,7469,2101,3701,239,398,144,427,1174,616,352,351,1831,2101,3701,1529,115,68,151,106,59,138,375,89,64,42,206,30,71,366,114,95,7,894,335,117,321,24,71,123,18,194
04020312,5357,1515,4415,3842,573,942,5357,269,351,97,420,1059,842,708,1611,2840,942,1515,160,185,33,155,499,190,152,141,737,942,1515,489,44,31,37,31,28,42,92,15,25,21,205,33,81,161,48,36,24,378,93,45,118,12,30,40,21,61
04020313,7339,2773,5514,4566,948,1825,7339,369,400,132,869,1905,1134,916,1614,3702,1825,2773,246,279,72,384,944,337,282,229,1337,1825,2773,848,59,31,100,35,45,42,242,63,49,45,384,110,161,261,100,60,6,789,234,88,322,27,52,52,48,155
04020314,8,8,0,0,0,8,8,0,0,0,0,0,0,4,4,0,8,8,0,0,0,0,0,0,4,4,0,8,8,8,0,0,0,4,0,0,4,0,0,0,0,0,0,0,0,0,0,0,0,0,0,0,0,0,0,0
04030415,2758,1347,1752,1411,341,1006,2758,76,111,23,343,819,310,330,746,1386,1006,1347,45,89,19,223,553,148,132,138,610,1006,1347,460,45,22,30,9,20,9,155,28,46,42,99,18,24,148,76,30,12,429,96,57,207,42,31,13,16,47
04030416,10357,4766,7673,5591,2082,2684,10357,619,819,287,1192,2910,1658,1439,1433,5332,2684,4766,373,484,167,554,1463,682,537,506,2425,2684,4766,1247,121,61,96,61,76,69,338,143,42,37,263,48,115,444,145,106,51,1885,1202,104,395,48,93,79,46,423
04030417,10797,3857,8480,6940,1540,2317,10797,566,677,233,1148,2968,1792,1434,1979,5600,2317,3857,297,376,113,478,1298,556,365,374,1957,2317,3857,1431,152,72,161,64,97,83,335,57,60,96,356,64,120,408,111,118,9,913,399,85,287,37,45,108,31,239
04030518,9344,3829,7047,5515,1532,2297,9344,401,471,171,1178,2739,1534,1288,1562,4747,2297,3829,262,301,110,493,1271,579,440,373,1896,2297,3829,1206,98,69,162,45,64,46,373,54,76,39,214,40,69,313,111,70,31,1294,643,116,367,117,40,56,63,288
04030519,5624,2324,4279,3300,979,1345,5624,303,319,108,777,1761,872,681,803,2774,1345,2324,197,239,72,285,811,310,234,176,1100,1345,2324,790,51,48,122,60,26,42,280,31,27,9,116,43,49,178,64,43,10,732,351,82,190,64,21,45,42,169
04030620,8452,3515,6392,4937,1455,2060,8452,390,484,164,899,2188,1360,1137,1830,4415,2060,3515,252,325,99,376,1171,587,386,319,1749,2060,3515,1174,90,89,109,36,43,42,370,80,70,76,249,33,96,477,213,105,33,955,376,101,370,60,38,93,39,288
04030621,2972,1529,2037,1443,594,935,2972,134,171,65,446,1020,485,299,352,1387,935,1529,103,146,44,215,550,208,121,142,716,935,1529,542,31,24,68,13,12,21,176,28,27,30,145,9,76,232,59,93,6,364,191,25,90,19,9,18,22,91
04030622,10187,4503,7548,5684,1864,2639,10187,444,555,177,1137,2848,1482,1393,2151,5176,2639,4503,290,386,118,519,1539,597,557,497,2249,2639,4503,1485,102,80,167,63,65,108,382,71,75,120,345,56,115,530,177,157,42,1355,598,186,416,143,53,110,71,284
04030623,4588,2439,3160,2149,1011,1428,4588,268,239,84,521,1377,691,521,887,2381,1428,2439,209,188,64,286,859,331,242,260,1272,1428,2439,678,63,48,56,43,37,21,168,61,22,24,122,19,42,535,184,187,33,640,234,97,224,65,26,33,55,154
04030724,6281,2053,5069,4228,841,1212,6281,247,358,145,566,1490,944,906,1625,3403,1212,2053,126,178,74,187,649,260,262,317,1109,1212,2053,848,70,45,106,39,59,51,258,9,25,24,96,12,30,327,128,83,3,389,165,68,114,40,3,79,18,84
04030725,11845,4447,8939,7398,1541,2906,11845,581,781,238,1270,3320,2103,1628,1924,5962,2906,4447,318,405,115,505,1614,692,440,358,2151,2906,4447,1858,235,90,227,127,124,152,319,106,65,78,384,78,191,481,157,104,25,755,259,94,252,63,21,165,42,179
04030726,5388,2169,4061,3219,842,1327,5388,235,332,100,434,1386,872,803,1226,2809,1327,2169,148,208,64,191,709,364,256,229,1104,1327,2169,835,75,60,71,51,36,49,192,37,80,25,131,22,63,309,45,94,13,468,147,42,198,41,15,97,21,85
04030827,11921,5967,8025,5954,2071,3896,11921,560,709,235,1376,3557,1896,1562,2026,5865,3896,5967,389,500,159,668,2094,900,660,597,2866,3896,5967,2116,189,131,254,84,152,107,392,186,146,126,497,67,196,529,191,114,18,1689,555,123,774,144,31,132,138,277
04030828,9293,3862,6815,5431,1384,2478,9293,371,469,164,871,2583,1587,1427,1821,4693,2478,3862,217,304,83,401,1313,664,497,383,1942,2478,3862,1442,160,99,197,82,114,132,244,18,89,44,266,27,159,329,101,73,18,755,244,115,283,85,28,180,48,168
04030929,5843,2369,4344,3474,870,1499,5843,275,308,105,539,1424,1051,931,1210,2971,1499,2369,161,167,60,264,722,360,340,295,1198,1499,2369,986,122,49,99,62,75,93,197,69,36,22,131,33,61,295,106,91,6,372,147,55,119,16,10,134,15,122
04030930,5449,2232,4010,3217,793,1439,5449,240,344,106,398,1246,985,847,1283,2715,1439,2232,127,208,66,197,642,366,303,323,1056,1439,2232,940,96,60,123,82,64,130,138,18,25,21,123,12,65,235,78,52,6,347,110,70,131,15,18,137,36,127
04030931,3470,1790,2280,1680,600,1190,3470,168,162,52,294,906,618,476,794,1674,1190,1790,131,117,33,171,565,330,229,214,862,1190,1790,639,75,35,55,34,37,65,135,27,15,24,85,9,33,276,106,58,4,381,112,40,174,27,24,84,31,88
04031032,14640,5449,11453,9191,2262,3187,14640,609,815,249,1267,3587,2405,2184,3524,7635,3187,5449,380,493,120,522,1819,861,662,592,2823,3187,5449,2067,188,142,226,87,88,140,516,90,113,95,373,54,155,887,344,184,49,1014,337,135,364,41,28,174,64,308
04041133,34,9,28,25,3,6,34,0,3,0,0,3,10,9,9,16,6,9,0,3,0,0,3,0,3,0,6,6,9,0,0,0,0,0,0,0,0,0,0,0,0,0,0,0,0,0,0,6,0,3,3,0,0,0,0,0
04041134,5008,1788,3993,3220,773,1015,5008,250,307,121,418,977,799,622,1514,2599,1015,1788,150,178,57,223,531,267,191,191,932,1015,1788,650,88,35,52,48,43,46,132,18,39,9,46,10,12,379,152,93,6,298,113,64,69,6,6,105,6,90
04041135,2751,894,2234,1857,377,517,2751,108,216,62,171,453,433,355,953,1477,517,894,60,125,31,59,230,181,95,113,471,517,894,272,19,12,30,16,18,12,60,18,9,12,28,3,7,286,129,60,18,107,31,25,21,0,6,62,3,31
04041136,2960,900,2425,2060,365,535,2960,110,220,67,162,516,482,401,1002,1570,535,900,49,121,30,63,249,166,130,92,483,535,900,340,18,15,31,15,12,9,118,12,21,3,43,13,24,230,106,54,3,123,41,24,31,3,3,54,3,39
04041137,7835,2574,6446,5261,1185,1389,7835,359,438,155,708,1767,1271,1059,2078,4233,1389,2574,234,249,80,231,854,386,277,263,1347,1389,2574,949,43,33,79,25,26,46,378,37,51,68,245,89,52,493,173,111,15,484,177,82,171,46,20,82,13,196
04041238,5632,1629,4852,4003,849,780,5632,272,474,163,368,1062,856,766,1671,3059,780,1629,142,251,69,140,463,227,203,134,835,780,1629,578,40,26,60,56,27,27,199,12,27,27,106,12,49,226,86,78,3,366,179,43,87,15,3,64,22,144
04041239,202,87,142,115,27,60,202,12,9,3,24,61,34,50,9,88,60,87,3,3,3,21,36,6,12,3,42,60,87,24,3,0,0,0,3,0,12,0,0,0,6,3,3,24,12,0,0,15,6,0,9,0,6,0,3,6
04041240,1538,408,1304,1130,174,234,1538,46,148,45,91,224,269,187,528,846,234,408,31,61,24,24,109,99,33,27,216,234,408,180,9,6,18,6,6,18,18,25,3,3,35,6,20,67,27,9,0,52,12,3,28,0,6,24,0,9
04041241,6933,1530,6071,5403,668,862,6933,289,465,161,451,1294,1172,929,2172,3858,862,1530,111,188,53,137,443,268,157,173,798,862,1530,553,48,33,48,34,9,19,151,6,37,31,90,9,16,235,89,59,9,383,72,57,211,6,18,43,18,89
04041342,3964,1141,3356,2823,533,608,3964,144,140,60,249,695,583,726,1367,2150,608,1141,90,78,30,80,303,180,209,171,589,608,1141,468,9,22,25,6,19,12,251,25,19,24,63,12,18,187,54,40,6,211,90,43,54,9,0,34,6,64
04041343,3519,984,2994,2535,459,525,3519,165,215,63,296,719,623,553,885,1885,525,984,79,96,13,84,285,161,138,128,522,525,984,310,24,12,27,21,15,9,98,12,13,18,66,24,18,174,66,42,3,189,76,34,37,15,6,54,3,67
04041344,10624,2564,9113,8060,1053,1511,10624,459,760,281,843,2173,1883,1440,2785,5842,1511,2564,194,299,115,199,780,423,267,287,1319,1511,2564,994,92,76,104,77,43,72,222,24,39,60,176,12,76,247,87,51,12,451,165,52,154,12,22,172,13,142
04051445,6163,2477,4774,3686,1088,1389,6163,296,399,123,616,1619,952,861,1297,3242,1389,2477,211,264,66,236,833,354,300,213,1285,1389,2477,763,43,31,59,42,35,27,279,47,36,64,232,34,83,283,110,71,16,760,224,82,354,39,61,46,18,182
04051446,10475,4178,8037,6297,1740,2438,10475,497,613,178,907,2493,1732,1534,2521,5371,2438,4178,335,373,102,419,1322,612,527,488,2080,2438,4178,1553,148,110,151,120,77,91,372,61,97,63,201,37,54,828,286,191,29,692,199,115,230,39,22,194,48,231
04051447,5220,2002,3972,3218,754,1248,5220,196,304,93,490,1287,836,706,1308,2745,1248,2002,117,173,57,222,628,318,256,231,1062,1248,2002,757,60,32,86,52,30,46,156,57,42,24,115,27,43,314,107,56,12,296,99,33,110,18,27,86,39,126
04051448,9002,3797,6602,5205,1397,2400,9002,357,423,135,761,2231,1521,1361,2213,4552,2400,3797,222,280,78,411,1212,611,531,452,1870,2400,3797,1504,128,97,199,117,70,78,348,61,67,66,198,36,48,470,210,84,12,844,347,128,270,33,41,147,23,178
04051549,4251,1547,3294,2704,590,957,4251,209,281,87,489,1190,629,558,808,2186,957,1547,127,186,50,197,515,201,154,117,753,957,1547,570,28,37,54,21,19,33,147,29,50,61,273,55,106,122,68,21,6,325,164,6,106,13,32,25,24,115
04051550,5356,1968,4220,3388,832,1136,5356,228,348,123,612,1414,963,734,934,2748,1136,1968,105,209,70,224,629,306,247,178,1020,1136,1968,751,77,22,72,24,42,64,200,19,35,47,171,30,85,226,89,38,6,392,174,64,107,29,9,84,12,123
04051551,4300,1604,3389,2696,693,911,4300,221,269,82,507,1155,708,578,780,2222,911,1604,137,141,41,179,553,241,166,146,775,911,1604,606,48,36,61,24,30,31,151,31,15,84,179,37,42,202,71,55,3,334,159,25,109,27,9,33,13,138
04051652,9572,3355,7473,6217,1256,2099,9572,388,590,234,859,2237,1604,1390,2270,5086,2099,3355,214,332,112,347,1067,532,388,363,1712,2099,3355,1273,109,82,179,75,61,82,283,63,46,61,142,15,36,431,152,126,9,753,218,81,337,58,35,146,15,182
04051653,6606,2494,5110,4112,998,1496,6606,285,380,111,582,1552,1063,1004,1629,3376,1496,2494,194,219,59,278,784,338,346,276,1252,1496,2494,957,80,62,121,43,34,51,208,39,33,87,219,39,63,280,104,58,10,530,262,51,134,24,37,100,24,163
04051654,2968,947,2426,2021,405,542,2968,120,139,29,269,713,463,394,841,1594,542,947,66,77,15,96,335,143,110,105,490,542,947,336,21,31,38,16,13,21,92,6,21,20,68,21,15,146,64,43,18,161,61,18,48,9,15,30,21,67
04051655,6968,2761,5297,4207,1090,1671,6968,378,448,141,751,1965,1119,873,1293,3566,1671,2761,234,293,70,313,950,396,270,235,1356,1671,2761,937,95,50,94,52,62,28,259,24,27,52,201,22,76,361,119,100,23,706,229,27,350,24,67,40,33,193
04051656,7473,2147,6227,5326,901,1246,7473,365,569,208,788,1987,1272,950,1334,3882,1246,2147,166,223,81,247,700,348,184,198,1057,1246,2147,864,61,49,118,48,41,57,203,38,49,40,164,36,61,177,67,34,16,454,164,43,143,18,30,64,24,126
04061757,75,6,75,69,6,0,75,0,0,3,9,6,19,23,15,31,0,6,0,0,0,0,0,0,3,3,0,0,6,3,0,0,0,3,0,0,0,0,0,0,0,0,0,0,0,0,0,3,0,0,3,0,0,0,0,0
05010101,9937,2268,8916,7669,1247,1021,9937,588,728,254,812,2287,1484,1219,2565,5242,1021,2268,260,322,82,202,727,303,208,164,1127,1021,2268,757,19,18,45,21,6,35,415,12,45,48,161,40,43,230,95,40,55,899,317,42,429,172,15,27,3,165
05010102,5700,1027,5137,4673,464,563,5700,200,269,106,602,1098,877,871,1677,2961,563,1027,73,89,28,152,305,144,142,94,505,563,1027,446,6,3,37,13,6,18,221,48,27,18,71,13,28,129,52,12,28,276,130,18,48,9,12,3,0,61
05010103,7397,1031,6968,6366,602,429,7397,290,497,189,736,1456,1253,1153,1823,3821,429,1031,92,132,39,99,294,151,139,85,533,429,1031,387,19,19,18,15,15,39,193,3,9,18,84,9,36,85,43,18,12,313,183,30,64,15,0,12,3,93
05010204,3100,1078,2627,2022,605,473,3100,169,321,111,283,537,395,397,887,1702,473,1078,101,192,66,126,270,126,96,101,546,473,1078,207,0,4,6,6,0,24,105,12,10,0,18,6,9,406,172,27,174,554,102,24,133,12,9,9,0,37
05010205,1915,465,1745,1450,295,170,1915,78,163,72,286,334,493,300,189,973,170,465,30,75,15,59,109,76,76,25,242,170,465,118,3,0,19,9,9,0,51,3,3,9,71,25,30,50,35,3,6,163,110,29,18,0,3,0,0,48
05010206,9967,2935,8843,7032,1811,1124,9967,551,750,254,991,1926,1452,1284,2759,5189,1124,2935,287,391,109,317,787,432,331,281,1462,1124,2935,850,12,12,19,12,6,37,569,34,45,34,154,32,66,809,353,93,248,1129,606,22,146,28,43,27,24,218
05010207,11197,5061,9335,6136,3199,1862,11197,706,1099,333,1085,2442,1603,1381,2548,5888,1862,5061,476,728,208,530,1411,642,601,465,2627,1862,5061,1220,13,13,39,12,15,25,859,24,68,64,206,31,62,1646,753,164,533,2139,1083,31,276,66,22,15,6,418
05010208,7433,2068,6313,5365,948,1120,7433,500,450,155,882,1934,1182,886,1444,3903,1120,2068,262,223,58,252,691,266,188,128,1021,1120,2068,692,6,22,27,12,12,33,368,73,49,35,170,9,75,277,103,22,69,836,468,27,134,37,24,15,9,106
05010209,6037,1595,5387,4442,945,650,6037,257,396,172,545,1190,1005,913,1559,3131,650,1595,151,199,84,139,479,257,171,115,811,650,1595,413,12,23,18,12,12,24,201,27,31,19,156,29,66,140,50,36,45,593,379,13,113,30,12,24,24,201
05010310,3788,1047,3207,2741,466,581,3788,227,261,86,467,1029,568,458,692,1948,581,1047,112,123,31,112,376,126,79,88,534,581,1047,368,6,9,28,12,3,14,168,38,34,21,139,25,60,94,42,9,18,368,184,9,127,40,12,3,4,55
05010311,5535,2774,4100,2761,1339,1435,5535,359,562,176,580,1184,638,545,1491,2941,1435,2774,245,449,144,393,764,342,222,215,1356,1435,2774,435,0,21,27,12,7,21,151,22,101,12,252,55,108,523,237,38,124,1432,722,36,340,122,51,9,21,215
05010312,6865,3314,4692,3551,1141,2173,6865,511,567,206,1053,2036,988,708,796,3243,2173,3314,330,371,130,521,1076,437,247,202,1529,2173,3314,1168,12,28,73,10,24,22,362,362,144,43,379,123,148,280,81,46,56,1285,717,31,335,123,25,15,25,180
05010313,6504,2341,5176,4163,1013,1328,6504,369,493,199,941,1789,1076,778,859,3164,1328,2341,208,282,111,337,718,339,199,147,1144,1328,2341,823,15,23,79,28,18,34,301,76,64,86,304,69,101,200,81,21,28,812,444,16,209,73,24,18,27,203
05010314,11756,3916,9690,7840,1850,2066,11756,655,753,288,1411,3107,1955,1497,2090,6003,2066,3916,350,428,130,464,1187,630,430,297,1928,2066,3916,1393,21,46,72,28,25,30,660,105,82,161,513,107,126,480,205,55,82,1203,664,71,268,52,45,34,68,288
05010339,440,82,398,358,40,42,440,15,37,9,53,102,76,70,78,215,42,82,6,7,3,9,24,9,15,9,37,42,82,27,3,0,3,0,0,3,12,0,3,3,6,3,0,3,0,0,0,37,25,3,6,3,0,3,0,9
05020415,3895,668,3716,3227,489,179,3895,148,336,204,510,599,997,622,479,1924,179,668,54,110,37,66,149,162,69,21,347,179,668,265,10,25,20,12,6,6,159,6,6,3,24,3,6,96,21,18,35,191,87,15,26,3,7,12,10,70
05020416,1723,89,1695,1634,61,28,1723,45,108,34,150,289,313,234,550,885,28,89,3,15,6,3,22,16,15,9,43,28,89,34,6,0,3,0,3,0,16,0,0,0,3,0,0,12,3,0,6,34,15,0,10,0,0,0,0,3
05020417,5749,1401,5147,4348,799,602,5749,205,425,183,579,1013,1053,839,1452,2872,602,1401,95,189,83,158,355,231,160,130,679,602,1401,492,13,12,7,25,9,27,228,41,27,57,189,60,27,175,68,9,55,472,205,34,122,33,25,15,23,106
05020418,3978,681,3686,3297,389,292,3978,188,375,124,402,829,601,474,985,2027,292,681,54,100,25,65,199,113,67,58,321,292,681,249,0,4,10,6,0,22,148,3,0,27,83,6,26,80,37,3,30,217,87,3,66,9,12,12,6,62
05020419,6891,1527,6187,5364,823,704,6891,390,484,152,656,1382,938,821,2068,3759,704,1527,167,193,55,169,426,197,178,142,784,704,1527,585,3,18,24,0,12,28,339,40,27,45,187,36,59,214,97,27,54,471,223,19,118,22,25,0,15,99
05020420,950,155,885,795,90,65,950,54,85,42,113,201,220,123,112,460,65,155,12,18,3,31,32,32,12,15,75,65,155,53,0,0,3,6,0,3,22,0,0,0,16,6,10,26,7,0,0,37,18,0,19,3,0,0,6,21
05020521,2957,681,2731,2276,455,226,2957,178,324,133,281,703,570,334,434,1516,226,681,55,117,49,54,208,105,57,36,323,226,681,177,3,3,21,9,0,3,65,12,22,9,60,12,15,106,24,36,16,234,141,31,22,0,0,0,12,90
05020522,7196,2745,5651,4451,1200,1545,7196,583,774,252,792,1654,949,797,1395,3712,1545,2745,346,442,128,344,812,301,211,161,1365,1545,2745,953,6,36,12,15,13,27,545,66,129,37,192,66,80,418,193,42,119,1085,307,126,286,48,72,15,9,133
05020523,11497,5567,9390,5930,3460,2107,11497,973,1370,408,1183,2516,1533,1311,2203,5950,2107,5567,631,947,252,559,1491,759,543,385,2831,2107,5567,1187,22,54,79,17,3,51,717,39,43,46,312,57,149,1600,796,130,463,2493,988,192,594,229,33,15,34,348
05020524,6116,892,5775,5224,551,341,6116,210,336,156,474,911,992,943,2094,3196,341,892,65,97,46,76,199,175,154,80,451,341,892,383,19,6,12,18,7,43,174,12,27,18,52,3,21,93,33,15,21,231,93,48,60,6,12,15,12,69
05020625,7379,2158,6274,5221,1053,1105,7379,331,403,174,743,1754,1076,932,1966,3891,1105,2158,187,239,98,268,665,259,257,185,1068,1105,2158,738,24,27,39,21,12,40,276,75,112,27,192,45,65,359,188,45,73,690,343,36,180,12,27,15,31,118
05020626,17328,4738,14739,12590,2149,2589,17328,949,1102,381,2164,4472,2891,2149,3220,8940,2589,4738,450,532,147,615,1513,643,470,368,2365,2589,4738,1669,37,51,119,49,30,107,688,148,138,126,564,139,166,364,127,58,63,1551,860,70,370,101,51,63,70,297
05020627,3936,1305,3311,2631,680,625,3936,269,350,106,387,937,634,481,772,2062,625,1305,151,216,51,152,384,166,119,66,652,625,1305,319,6,20,16,9,15,12,159,28,21,18,201,61,70,111,50,25,18,519,174,39,230,98,27,3,27,80
05020628,1988,394,1816,1594,222,172,1988,87,107,50,140,338,258,240,768,1099,172,394,41,37,26,31,104,88,25,42,201,172,394,120,9,3,6,3,0,6,75,6,0,6,23,6,11,40,15,12,7,165,109,15,19,6,3,0,0,43
05020629,4390,574,4128,3816,312,262,4390,123,258,83,221,579,701,680,1745,2311,262,574,52,86,22,42,132,106,70,64,294,262,574,320,9,12,29,22,21,30,97,3,12,15,39,3,3,40,7,3,12,111,47,21,28,0,3,15,0,28
05030730,3831,1939,3231,1892,1339,600,3831,303,475,159,344,1132,609,366,443,1899,600,1939,198,321,111,160,617,297,148,87,953,600,1939,514,10,21,34,12,12,12,343,6,3,31,89,10,30,205,105,33,43,838,527,58,143,34,10,0,21,255
05030731,11555,4429,9583,7126,2457,1972,11555,682,797,268,1279,2664,1718,1516,2631,6077,1972,4429,427,500,157,538,1339,594,535,339,2208,1972,4429,1409,19,42,41,10,12,30,952,35,36,93,334,43,113,755,341,74,221,1699,914,44,398,134,70,16,47,382
05030832,11281,4438,8860,6843,2017,2421,11281,693,916,314,1305,2734,1810,1279,2230,5758,2421,4438,442,540,183,515,1338,590,472,358,2227,2421,4438,1311,44,31,116,27,12,21,677,78,64,112,569,48,278,269,100,41,34,1577,862,75,398,57,70,24,76,422
05030833,1400,1097,399,303,96,1001,1400,109,107,28,389,469,109,67,122,494,1001,1097,93,101,24,355,396,60,31,37,334,1001,1097,34,0,0,0,0,0,0,18,0,0,3,239,45,78,84,18,6,3,653,78,16,347,6,170,0,61,21
05040934,3966,1163,3108,2803,305,858,3966,203,394,138,433,642,625,561,970,1914,858,1163,131,181,60,198,339,114,90,50,505,858,1163,187,6,15,19,6,12,12,52,10,3,6,356,66,90,101,34,12,3,414,52,48,188,0,70,13,10,37
05040935,410,84,360,326,34,50,410,18,31,9,39,86,73,72,82,191,50,84,0,13,3,9,17,24,12,6,28,50,84,22,0,7,0,3,0,0,12,0,0,0,0,0,0,0,0,0,0,47,0,4,40,3,0,3,0,0
05040936,9435,1354,9021,8081,940,414,9435,596,1088,391,667,1725,1740,1213,2015,4773,414,1354,152,281,92,73,305,215,143,93,723,414,1354,595,22,28,37,44,12,58,199,9,24,39,75,9,9,114,62,12,18,367,170,73,61,6,18,18,6,94
05040937,2141,268,2046,1873,173,95,2141,66,189,60,97,268,319,379,763,1074,95,268,18,63,9,12,58,42,27,39,138,95,268,98,13,3,10,3,3,6,33,0,6,0,10,0,3,18,6,3,0,28,16,0,12,3,0,6,3,30
05040938,3557,352,3424,3205,219,133,3557,149,282,109,249,472,588,616,1092,1840,133,352,36,52,15,26,87,71,40,25,201,133,352,185,6,6,9,13,7,30,68,3,0,0,0,0,0,29,6,3,7,44,12,9,13,0,7,16,0,21
06010101,6768,1418,6021,5350,671,747,6768,281,498,189,651,1210,1052,856,2031,3714,747,1418,115,173,67,171,410,212,141,129,726,747,1418,601,28,24,65,54,24,29,140,31,37,45,117,27,32,153,59,34,9,247,111,27,49,3,9,79,6,108
06010102,8648,2813,7082,5835,1247,1566,8648,525,511,200,906,2339,1430,1239,1498,4596,1566,2813,281,282,86,264,937,417,311,235,1448,1566,2813,1020,55,81,100,33,39,61,301,50,77,59,243,75,61,284,110,81,15,655,314,58,199,52,18,97,39,167
06010103,6252,1786,5362,4466,896,890,6252,378,426,151,584,1768,1046,820,1079,3337,890,1786,156,216,58,160,588,247,181,180,927,890,1786,676,42,45,99,38,30,30,188,19,28,79,197,30,55,150,60,39,12,405,178,70,97,27,0,77,29,128
06010204,6808,2032,5864,4776,1088,944,6808,332,521,175,666,1557,1119,871,1567,3638,944,2032,177,234,75,199,630,324,230,163,1058,944,2032,686,30,67,47,18,6,21,303,34,21,75,264,56,75,167,55,52,12,596,359,36,126,15,18,21,16,172
06010205,9469,2595,8240,6874,1366,1229,9469,480,642,240,987,2418,1592,1246,1864,4962,1229,2595,227,307,115,269,831,396,262,188,1314,1229,2595,874,52,52,79,34,39,41,388,32,43,28,207,52,76,275,112,53,24,682,375,64,162,29,28,98,21,191
06010206,7606,1864,6603,5742,861,1003,7606,411,457,130,738,1815,1156,936,1963,4118,1003,1864,170,176,45,186,590,239,230,228,936,1003,1864,672,36,39,36,28,12,28,231,27,37,57,175,24,67,289,82,64,11,454,166,49,159,31,35,42,6,102
06010207,7723,2203,6602,5520,1082,1121,7723,403,509,130,772,2050,1182,1021,1656,4120,1121,2203,215,263,50,231,702,318,285,139,1135,1121,2203,733,34,87,55,36,9,27,311,21,28,18,189,81,60,240,96,57,21,536,223,37,195,34,30,73,53,148
06010208,6398,1694,5539,4704,835,859,6398,336,388,114,669,1648,1049,904,1290,3292,859,1694,146,170,44,188,520,255,190,181,866,859,1694,651,27,71,40,28,18,33,238,29,15,64,183,37,39,173,66,21,13,363,177,69,76,25,13,60,31,99
06010209,8958,2541,7614,6417,1197,1344,8958,419,494,177,908,2499,1419,1181,1861,4819,1344,2541,195,248,92,295,824,371,285,231,1325,1344,2541,929,52,36,98,24,24,52,327,39,31,91,310,82,106,225,94,58,19,648,361,55,151,30,18,69,33,128
06010210,4833,1207,4223,3626,597,610,4833,289,275,80,472,1283,776,632,1026,2593,610,1207,127,108,24,116,399,193,143,97,612,610,1207,412,16,25,43,9,6,12,173,15,9,52,141,12,53,119,52,27,6,336,173,38,107,24,3,31,13,89
06020301,4952,949,4531,4003,528,421,4952,207,363,126,413,963,759,618,1503,2663,421,949,81,135,28,90,298,123,92,102,495,421,949,404,9,34,18,15,15,9,196,16,13,46,89,12,28,104,49,19,3,223,92,37,49,10,24,12,12,77
06020302,5369,1042,4838,4327,511,531,5369,237,313,104,328,965,832,736,1854,2908,531,1042,85,128,39,87,295,155,127,126,540,531,1042,478,43,24,27,15,6,39,205,6,18,34,120,16,45,100,40,21,3,186,67,27,52,15,0,27,16,57
06020303,7257,1860,6318,5397,921,939,7257,429,428,136,678,1874,1146,920,1646,3920,939,1860,203,201,58,154,646,257,216,125,924,939,1860,683,13,50,42,24,6,6,374,21,22,60,200,65,39,184,60,36,34,529,266,57,130,31,30,27,12,163
06020304,6864,1625,6037,5239,798,827,6864,344,413,148,698,1645,1149,860,1607,3656,827,1625,142,182,58,180,517,220,187,139,836,827,1625,661,32,40,27,27,12,17,319,19,49,37,179,40,52,130,44,28,19,447,244,37,80,16,12,46,9,87
06020305,11134,3346,9372,7788,1584,1762,11134,543,770,254,1208,2468,1598,1400,2893,5961,1762,3346,256,346,97,490,1063,423,363,308,1704,1762,3346,1290,42,71,81,51,56,51,665,55,19,58,175,24,60,461,196,81,80,1015,557,66,237,68,15,37,16,205
06020306,6379,1062,5936,5317,619,443,6379,291,456,188,508,1085,1152,957,1742,3328,443,1062,85,125,48,89,260,191,149,115,552,443,1062,426,18,34,27,15,0,20,213,12,19,24,91,15,25,61,28,12,6,259,145,39,45,12,9,41,0,94
06020407,4716,2228,3626,2488,1138,1090,4716,287,386,119,555,993,605,511,1260,2427,1090,2228,200,289,76,312,649,280,249,173,1128,1090,2228,629,19,24,21,25,23,21,379,10,12,13,97,21,36,337,190,27,77,792,306,33,239,75,33,112,27,161
06020408,6543,1332,5926,5211,715,617,6543,328,438,178,581,1249,1052,834,1883,3449,617,1332,133,172,72,142,345,218,129,121,666,617,1332,474,12,30,46,15,9,31,237,6,24,21,133,49,30,125,58,30,13,329,140,15,103,36,9,36,9,91
06020409,8117,1745,7177,6372,805,940,8117,375,526,180,608,1604,1256,1057,2511,4361,940,1745,139,160,69,170,492,276,227,212,888,940,1745,760,27,42,36,27,28,39,348,47,28,34,130,36,36,150,42,27,19,401,185,65,65,13,9,93,15,93
06020410,6914,1077,6304,5837,467,610,6914,300,609,194,559,1242,1183,965,1862,3664,610,1077,91,122,40,132,274,143,129,146,552,610,1077,436,9,36,36,49,15,34,150,9,10,37,90,9,32,91,43,18,9,197,111,13,33,15,3,103,0,58
06020411,8377,1649,7698,6728,970,679,8377,380,693,245,610,1430,1400,1253,2366,4436,679,1649,137,235,66,139,424,255,252,141,850,679,1649,750,12,37,30,15,21,33,433,30,25,33,112,21,37,108,36,24,30,361,177,43,96,39,15,57,9,147
06030501,5479,881,5041,4598,443,438,5479,240,488,192,372,799,931,717,1740,2879,438,881,70,127,49,73,236,135,79,112,435,438,881,287,9,24,22,24,9,19,80,3,6,21,33,3,0,89,40,15,13,186,78,16,55,9,3,100,3,53
06030502,5437,1017,4988,4420,568,449,5437,263,313,112,452,1212,929,757,1399,2994,449,1017,115,124,32,74,283,150,136,103,540,449,1017,452,12,23,33,21,13,36,180,27,28,12,54,0,27,130,54,22,12,237,96,27,57,3,0,30,8,42
06030503,11156,2614,9859,8542,1317,1297,11156,506,852,290,1048,2147,1961,1589,2763,6037,1297,2614,204,377,115,220,714,413,317,254,1370,1297,2614,850,60,34,64,51,51,61,271,18,53,57,149,21,39,287,129,52,21,601,210,110,160,31,61,257,18,137
06030504,10934,2033,9930,8901,1029,1004,10934,439,924,335,780,1679,1732,1406,3639,5865,1004,2033,143,303,133,203,471,328,242,210,1101,1004,2033,754,45,24,70,74,24,52,186,39,30,50,96,18,22,161,70,46,6,321,96,52,105,6,26,314,9,82
06030605,6869,1637,5972,5232,740,897,6869,336,481,196,607,1499,1170,968,1612,3540,897,1637,146,178,68,163,480,266,215,121,807,897,1637,652,42,45,57,36,21,42,191,18,34,69,182,18,71,142,63,21,18,270,98,39,69,13,6,108,18,68
06030606,5204,1512,4350,3692,658,854,5204,226,428,138,581,1201,875,652,1103,2743,854,1512,102,211,50,194,446,210,140,159,766,854,1512,499,46,34,33,24,19,19,173,9,18,52,167,24,64,117,24,24,12,507,207,56,118,12,40,54,13,58
06030607,3166,1122,2360,2044,316,806,3166,138,208,61,469,832,469,343,646,1611,806,1122,61,76,12,305,469,96,54,49,567,806,1122,525,45,45,33,24,54,30,108,43,9,21,45,12,12,94,28,22,6,221,75,27,60,3,6,33,12,64
06030608,12036,2722,10765,9314,1451,1271,12036,638,1251,425,963,2227,2220,1507,2805,6152,1271,2722,259,437,148,290,684,419,292,193,1352,1271,2722,994,43,91,54,62,27,53,300,42,98,30,224,62,91,220,111,22,15,612,199,173,131,6,36,195,15,147
06030609,11741,2399,10469,9342,1127,1272,11741,620,910,301,990,2473,2006,1611,2830,6174,1272,2399,239,289,87,245,732,371,248,188,1255,1272,2399,977,67,79,88,43,58,35,279,45,49,52,190,48,72,177,66,27,18,573,217,67,205,39,39,122,12,112
06030610,8148,1624,7223,6524,699,925,8148,383,827,253,613,1485,1417,1094,2076,4345,925,1624,125,249,67,175,412,266,163,167,842,925,1624,707,73,89,63,39,39,47,124,15,78,24,93,18,21,143,76,21,9,204,88,25,58,24,16,136,3,74
06040701,9719,1647,8875,8072,803,844,9719,516,814,249,585,1574,1687,1346,2948,5009,844,1647,141,240,57,136,388,292,188,205,877,844,1647,689,44,36,37,63,27,88,189,21,28,21,68,0,31,185,84,33,12,205,82,22,54,7,3,170,9,67
06040702,5328,981,4928,4347,581,400,5328,269,564,203,382,969,904,816,1221,2752,400,981,77,188,69,83,222,153,101,88,509,400,981,335,18,12,25,49,22,30,83,12,6,3,27,3,6,98,25,34,12,180,56,15,73,21,3,119,6,87
06040703,10536,2324,9012,8212,800,1524,10536,493,909,288,1205,1768,1605,1276,2992,5546,1524,2324,141,225,58,637,587,277,206,193,1190,1524,2324,852,60,57,63,85,39,61,205,42,32,34,116,21,42,228,77,42,21,353,115,27,89,6,14,180,9,40
06040804,7431,1099,6858,6332,526,573,7431,315,643,265,526,980,1275,1051,2376,3963,573,1099,94,160,58,105,208,185,136,153,576,573,1099,478,62,19,46,58,12,62,90,6,12,3,24,3,15,97,19,30,0,97,27,25,30,3,12,169,0,45
06040805,5305,999,4817,4306,511,488,5305,259,463,168,384,812,939,687,1593,2902,488,999,96,186,51,88,211,152,107,108,551,488,999,419,42,12,39,60,33,15,98,9,6,12,33,0,15,75,33,9,3,107,34,6,34,9,10,140,3,38
06040806,7172,962,6705,6210,495,467,7172,285,694,229,526,1046,1314,974,2104,3948,467,962,76,134,36,110,251,137,113,105,531,467,962,435,35,24,33,48,19,61,119,9,9,12,24,6,3,67,24,15,7,117,33,18,28,3,0,135,0,18
06040807,5675,1133,5063,4542,521,612,5675,254,435,163,427,916,835,688,1957,3194,612,1133,100,127,63,123,281,182,130,127,579,612,1133,374,22,18,21,32,27,43,96,3,18,6,40,3,18,106,39,15,6,247,86,56,78,3,15,143,0,40
06040808,4157,1480,3573,2677,896,584,4157,291,578,190,345,944,860,424,525,2136,584,1480,125,292,97,142,373,262,135,54,783,584,1480,379,21,15,21,27,24,36,99,15,16,6,51,12,18,203,91,40,16,309,79,100,55,6,0,109,3,149
06040809,4871,1308,4056,3563,493,815,4871,188,518,175,416,799,886,655,1234,2552,815,1308,72,171,61,121,343,206,141,193,681,815,1308,434,45,25,42,42,18,45,79,27,3,12,25,6,3,151,81,18,0,191,45,53,43,9,12,195,6,33
06040810,6972,1933,5844,5039,805,1128,6972,309,679,231,642,1150,1110,816,2035,3634,1128,1933,149,297,79,252,496,284,202,174,983,1128,1933,628,74,30,37,59,24,58,119,25,37,3,43,12,21,267,114,57,3,411,64,98,158,6,57,167,3,61
07010101,9449,4102,7019,5347,1672,2430,9449,373,470,159,751,2351,1748,1438,2159,4523,2430,4102,234,331,110,380,1322,743,541,441,1975,2430,4102,1424,130,103,221,75,80,57,289,93,70,39,208,48,75,729,197,244,12,946,452,85,321,73,39,125,38,300
07010102,15528,8062,10649,7466,3183,4879,15528,699,1061,407,1980,4320,2650,2027,2384,7251,4879,8062,507,844,335,1097,2466,1187,831,795,3885,4879,8062,2165,246,151,241,82,146,135,414,119,121,102,669,177,309,933,307,239,54,2776,1655,117,712,200,99,209,66,682
07010103,9987,3515,7882,6472,1410,2105,9987,492,726,199,976,2788,1862,1409,1535,5026,2105,3515,247,373,87,412,1202,519,407,268,1743,2105,3515,1403,131,107,241,64,91,110,261,66,54,85,244,36,78,143,73,15,3,999,610,53,244,44,45,122,15,252
07010104,13579,7666,8816,5913,2903,4763,13579,813,981,343,1720,4236,2341,1515,1630,6434,4763,7666,566,774,282,1021,2449,1048,682,844,3662,4763,7666,1735,137,182,200,80,84,82,304,148,98,78,427,52,217,853,278,291,27,3374,2229,63,881,235,125,162,18,623
07020201,10375,3285,8588,7090,1498,1787,10375,452,657,224,958,2602,1851,1400,2231,5425,1787,3285,262,318,108,363,1098,476,352,308,1684,1787,3285,1240,91,94,187,66,90,92,262,37,39,76,236,61,55,347,127,70,18,752,448,42,164,28,25,100,19,253
07020202,9917,3841,7672,6076,1596,2245,9917,575,552,176,1187,3145,1489,1201,1592,4864,2245,3841,317,361,110,491,1402,546,361,253,1801,2245,3841,1424,128,112,160,60,73,68,315,151,83,115,327,49,120,225,98,51,9,1127,655,53,317,96,37,96,43,328
07020203,17634,7316,13262,10318,2944,4372,17634,1046,1211,415,2058,5406,3060,2264,2174,8732,4372,7316,607,771,245,1000,2399,1034,690,570,3515,4372,7316,2265,234,125,299,126,156,147,377,62,225,137,474,114,156,286,96,42,18,2725,1822,92,640,214,41,226,50,626
07020204,11490,3921,9161,7569,1592,2329,11490,713,695,202,1257,4140,2135,1294,1054,5669,2329,3921,354,385,95,490,1453,576,309,259,1884,2329,3921,1514,170,75,240,93,74,104,271,87,57,70,237,38,81,171,49,33,16,1197,786,27,262,89,42,107,12,328
07030301,23974,5670,20957,18304,2653,3017,23974,1240,1901,623,2214,5674,4297,3476,4549,12771,3017,5670,473,685,228,698,1788,757,587,454,2890,3017,5670,2487,234,142,266,181,102,190,582,69,114,163,443,67,140,423,157,89,29,1045,539,92,278,67,58,258,75,396
07030302,9206,2591,7858,6615,1243,1348,9206,503,673,226,918,2229,1581,1395,1681,4817,1348,2591,219,273,91,299,807,379,304,219,1322,1348,2591,913,96,54,156,39,53,54,220,53,20,39,151,9,76,160,67,30,6,666,363,25,174,25,19,122,27,191
07030303,12109,4899,9651,7210,2441,2458,12109,718,979,319,1501,3269,2035,1493,1795,6246,2458,4899,450,625,198,586,1475,739,440,386,2467,2458,4899,1257,71,49,155,41,57,60,444,52,60,97,311,70,98,210,57,42,15,1992,1538,69,301,89,73,89,29,612
07040401,17183,5895,14333,11288,3045,2850,17183,971,1364,484,1723,4111,2925,2132,3473,8956,2850,5895,518,657,224,753,1848,890,545,460,2976,2850,5895,1769,115,119,187,51,88,99,586,83,67,156,513,73,144,231,101,28,18,2239,1732,47,325,105,36,127,22,759
07040402,2084,366,1932,1718,214,152,2084,71,116,25,163,377,366,277,689,1098,152,366,34,47,3,27,118,70,30,37,172,152,366,101,4,12,12,3,0,0,46,6,6,3,15,0,3,27,9,6,0,123,58,3,43,6,0,6,6,52
07040403,23591,7836,19446,15755,3691,4145,23591,1259,1561,500,2701,6718,3716,2914,4222,12366,4145,7836,709,934,280,931,2735,1011,702,534,3903,4145,7836,2543,104,303,145,92,74,103,898,145,114,292,856,146,274,508,209,87,42,2690,1521,83,805,238,110,131,71,743
07040404,5038,1137,4495,3901,594,543,5038,215,307,109,471,1013,802,625,1496,2676,543,1137,91,137,49,115,322,170,113,140,580,543,1137,392,16,18,26,21,6,9,182,3,19,47,141,27,43,90,18,30,3,407,268,3,101,46,0,12,6,103
07040405,10778,4158,8490,6620,1870,2288,10778,671,688,249,1303,3070,1590,1194,2013,5588,2288,4158,446,462,158,558,1424,528,312,270,2071,2288,4158,1131,25,98,62,37,39,40,413,136,53,121,552,87,159,255,100,51,25,1708,882,36,631,247,78,36,24,334
07040406,3673,1709,2674,1964,710,999,3673,302,140,34,574,1328,510,346,439,1779,999,1709,235,87,18,243,708,207,116,95,772,999,1709,581,15,18,46,18,22,9,244,100,36,32,139,31,42,86,33,9,16,698,324,0,309,114,27,15,0,152
07050501,15910,5556,13168,10354,2814,2742,15910,886,970,297,1736,4110,2346,2071,3494,8235,2742,5556,566,613,182,642,1778,738,593,444,2793,2742,5556,1815,29,99,109,70,24,36,857,143,94,184,620,97,246,431,170,90,51,1877,1118,51,543,206,61,37,48,650
07050502,7779,2450,6450,5329,1121,1329,7779,311,500,174,813,1774,1156,974,2077,4070,1329,2450,180,316,92,318,772,368,239,165,1197,1329,2450,911,6,89,69,21,9,28,386,89,52,61,244,42,67,138,64,13,24,810,559,13,184,58,36,33,24,243
07050503,9055,2508,7878,6547,1331,1177,9055,389,495,175,842,2113,1332,1272,2437,4895,1177,2508,196,271,85,277,796,341,330,212,1270,1177,2508,859,34,51,37,25,21,18,398,70,27,114,284,66,64,182,78,24,39,926,647,14,171,84,6,22,16,247
07050504,5544,1595,4871,3949,922,673,5544,277,374,172,570,1113,938,697,1403,2883,673,1595,149,187,85,197,427,244,185,121,784,673,1595,547,9,15,33,24,0,9,347,38,18,27,124,15,69,132,52,27,15,554,345,0,159,69,24,18,9,171
07050505,10448,2513,9421,7935,1486,1027,10448,461,728,305,906,1843,1635,1419,3151,5529,1027,2513,204,360,122,275,699,371,272,210,1277,1027,2513,806,21,32,40,30,12,15,434,27,41,73,173,21,51,294,117,57,58,955,666,21,155,64,9,22,3,251
07050506,2227,464,2040,1763,277,187,2227,103,177,64,178,384,377,315,629,1136,187,464,45,82,19,38,129,82,45,24,234,187,464,160,13,13,15,7,3,0,61,12,9,12,33,3,6,24,6,9,0,145,90,18,37,16,15,10,0,53
07060601,9872,3675,7967,6197,1770,1905,9872,551,870,304,1020,2176,1420,1173,2358,4967,1905,3675,325,543,166,491,1071,446,364,269,1733,1905,3675,952,22,31,59,16,7,9,681,22,15,33,277,36,141,786,428,62,158,1404,311,36,663,135,364,24,25,217
07060602,4622,891,4255,3731,524,367,4622,209,378,137,371,851,813,679,1184,2295,367,891,69,118,27,84,255,155,107,76,420,367,891,387,21,18,24,15,9,9,151,24,27,47,123,16,39,87,38,12,19,199,100,3,46,6,13,9,3,78
07060603,2784,891,2423,1893,530,361,2784,166,227,77,187,501,355,374,897,1452,361,891,112,168,52,57,236,130,81,55,462,361,891,253,11,12,18,10,0,9,131,4,16,21,133,13,74,82,34,9,15,370,174,12,122,42,24,0,3,68
07060604,14087,4658,12464,9429,3035,1623,14087,783,1020,358,1323,2925,1876,1785,4017,7480,1623,4658,436,548,191,425,1325,632,596,505,2408,1623,4658,1596,16,12,21,30,6,18,1156,129,45,61,246,24,96,1483,721,147,394,1410,573,24,241,81,47,25,18,275
07070701,10343,1790,9599,8553,1046,744,10343,466,785,319,826,1916,1728,1417,2886,5426,744,1790,169,273,94,123,528,280,186,137,911,744,1790,743,16,51,52,24,14,36,367,9,35,53,231,45,103,156,74,27,27,427,272,18,80,33,0,18,6,155
07070702,10216,1705,9603,8511,1092,613,10216,475,764,267,896,1871,1844,1450,2649,5303,613,1705,146,255,81,171,427,314,184,127,890,613,1705,689,15,43,47,24,6,27,414,7,24,37,190,27,99,134,55,30,25,411,269,3,99,32,12,28,6,201
07070703,7388,1539,6772,5849,923,616,7388,275,527,210,592,1278,1194,1007,2305,3912,616,1539,97,198,65,148,356,294,247,134,798,616,1539,664,27,18,27,24,0,12,477,9,6,27,98,8,42,150,82,12,47,428,184,12,141,61,22,13,18,140
07070704,8221,2588,7139,5633,1506,1082,8221,495,870,315,793,1570,1176,1011,1991,4308,1082,2588,248,472,152,227,620,366,283,220,1316,1082,2588,815,3,10,36,30,0,9,580,21,15,41,250,18,157,540,275,22,166,931,237,16,450,99,134,18,9,147
07070705,7033,1027,6602,6006,596,431,7033,300,600,232,570,1256,1346,991,1738,3652,431,1027,84,150,53,84,291,178,95,92,549,431,1027,532,27,20,36,18,15,15,275,6,46,22,85,15,33,87,43,21,4,169,99,6,54,12,18,22,3,57
07070706,3825,636,3420,3189,231,405,3825,220,290,94,330,705,592,507,1087,2008,405,636,90,86,18,105,184,62,40,51,270,405,636,222,12,0,6,6,9,16,134,0,3,12,141,27,24,35,4,16,0,177,40,4,78,4,28,15,3,15
07070707,2817,345,2640,2472,168,177,2817,129,198,82,199,403,478,453,875,1451,177,345,33,49,16,30,86,43,47,41,190,177,345,129,0,9,12,7,0,12,48,6,4,16,38,0,22,15,6,6,0,95,35,3,45,12,6,11,0,6
08010115,862,343,650,519,131,212,862,64,58,9,90,262,172,122,85,406,212,343,27,34,6,53,111,59,41,12,148,212,343,118,26,9,12,0,6,13,22,6,3,0,12,0,9,9,3,0,0,116,59,6,27,10,0,12,0,36
08010116,3568,1912,2345,1656,689,1223,3568,194,214,70,496,1359,567,346,322,1683,1223,1912,133,155,54,271,732,259,145,163,881,1223,1912,499,50,37,64,28,34,31,75,65,23,25,178,36,77,25,3,3,4,900,724,3,134,65,10,36,0,192
08010117,16187,7905,10784,8282,2502,5403,16187,918,894,257,2030,7174,2136,1437,1341,7659,5403,7905,597,723,191,1085,3370,912,582,445,3666,5403,7905,2981,287,163,381,121,191,218,527,288,126,118,638,128,237,216,83,28,24,2852,1797,24,829,335,43,191,31,442
08010118,11928,7043,7530,4885,2645,4398,11928,776,1007,319,2011,4209,1453,897,1256,5786,4398,7043,662,930,286,1143,2421,829,427,345,3369,4398,7043,1912,135,61,165,67,115,98,441,221,272,61,579,162,185,201,81,27,19,3276,1676,22,1362,629,88,78,37,585
08010211,10178,5881,6123,4297,1826,4055,10178,577,692,202,1574,4220,1283,798,832,4853,4055,5881,434,605,177,927,2272,722,405,339,2784,4055,5881,2039,178,133,207,74,139,139,330,292,128,94,581,105,181,155,50,15,15,2256,1381,34,700,294,22,119,19,384
08010212,7484,4911,4947,2573,2374,2537,7484,492,845,259,866,2347,932,797,946,3734,2537,4911,423,761,241,523,1555,609,435,364,2440,2537,4911,934,72,48,94,12,48,30,375,95,24,43,443,104,142,90,45,9,6,2647,1988,12,559,264,14,43,12,527
08010213,12798,6801,8278,5997,2281,4520,12798,827,870,312,1936,5034,1652,987,1180,6143,4520,6801,616,753,243,1000,2576,799,407,407,3198,4520,6801,2283,180,108,221,58,118,139,538,286,265,56,625,100,302,207,58,56,6,2706,1526,27,955,358,91,103,24,472
08010214,8178,4566,5289,3612,1677,2889,8178,437,646,238,1323,2736,1122,786,890,3896,2889,4566,350,555,216,687,1558,608,353,239,2184,2889,4566,1318,89,37,147,33,64,43,387,166,157,41,480,130,235,115,39,21,3,2070,1205,26,752,374,54,48,15,310
08010301,27993,13019,19550,14974,4576,8443,27993,1805,1587,485,2885,12640,3900,2334,2357,14040,8443,13019,1010,1199,379,1615,5658,1547,853,758,6380,8443,13019,4729,555,228,645,245,418,397,791,191,138,151,1018,159,405,321,101,43,27,4435,2957,56,1160,445,88,385,57,838
08010302,3740,1260,2992,2480,512,748,3740,201,233,69,303,1205,615,455,659,1887,748,1260,115,160,47,118,488,138,115,79,637,748,1260,390,24,9,42,15,31,33,111,22,12,24,132,16,44,88,23,21,9,497,344,10,119,39,4,15,3,101
08010303,8612,5095,5154,3517,1637,3458,8612,554,526,213,1319,3688,1004,649,659,4076,3458,5095,416,481,189,814,2001,578,326,290,2386,3458,5095,1649,130,81,223,64,118,122,238,163,184,54,585,100,194,122,36,24,6,1978,1156,18,677,323,45,121,18,360
08010404,23462,12037,15543,11425,4118,7919,23462,1465,1613,515,3423,9533,2926,2021,1966,11278,7919,12037,1041,1339,421,1740,4599,1345,828,724,5593,7919,12037,4055,345,242,426,142,209,235,923,450,311,208,1349,225,571,328,100,63,28,4577,2424,42,1783,752,118,228,69,827
08010405,9026,4071,6298,4955,1343,2728,9026,566,534,171,1157,3714,1070,773,1041,4585,2728,4071,352,419,133,597,1705,414,282,169,1972,2728,4071,1615,116,62,95,72,95,124,358,151,279,32,413,98,120,163,49,48,18,1239,725,12,395,139,28,94,21,283
08010406,7119,3905,4619,3214,1405,2500,7119,585,600,169,939,2462,896,636,832,3466,2500,3905,487,541,130,518,1374,446,233,176,1861,2500,3905,1327,59,40,102,37,55,51,273,134,415,21,292,43,118,110,24,46,9,1611,896,15,630,261,58,48,52,279
08010407,805,328,582,477,105,223,805,43,32,6,125,385,123,49,42,385,223,328,25,15,6,54,130,56,21,21,144,223,328,100,12,3,15,9,6,21,12,6,3,0,19,3,16,19,3,6,3,155,80,6,48,18,9,7,0,26
08010508,5526,3764,3685,1762,1923,1841,5526,551,604,199,711,1407,749,577,728,2755,1841,3764,505,510,168,529,1106,512,264,170,1831,1841,3764,523,9,21,50,14,12,9,229,67,43,27,211,28,81,51,15,9,6,2327,1674,18,573,291,12,9,24,490
08010509,9555,6152,6674,3403,3271,2881,9555,1021,1186,377,1278,2266,1244,906,1277,4815,2881,6152,878,1042,316,820,1640,776,378,302,3048,2881,6152,706,21,51,33,9,9,16,352,72,57,26,211,45,64,86,30,3,9,4113,1963,15,2033,1009,158,15,69,794
08010510,371,219,219,152,67,152,371,18,22,3,78,133,57,30,30,165,152,219,18,22,3,37,76,36,18,9,97,152,219,70,0,3,0,0,4,12,12,33,0,0,33,3,24,12,0,0,0,100,54,6,30,6,3,0,0,10
08020619,10790,5423,7662,5367,2295,3128,10790,816,950,270,1426,2835,1623,1169,1701,5237,3128,5423,635,747,205,822,1709,689,371,245,2500,3128,5423,1509,21,42,101,27,12,24,615,196,309,76,661,122,307,124,50,19,13,2522,1421,36,944,451,108,16,37,474
08020620,9272,3695,7444,5577,1867,1828,9272,545,605,199,1118,2285,1427,1077,2016,4819,1828,3695,414,462,141,459,1170,499,322,228,1843,1828,3695,1142,30,51,100,18,29,12,567,142,49,60,256,46,84,140,58,30,25,1632,1018,9,515,237,36,18,12,444
08020621,2271,511,2110,1760,350,161,2271,100,177,74,224,373,444,407,472,1139,161,511,45,78,24,52,127,95,63,27,260,161,511,148,6,18,12,9,0,6,55,12,6,0,27,6,18,22,3,4,0,180,150,6,18,3,3,21,0,64
08020622,14274,3483,12639,10791,1848,1635,14274,769,920,325,1400,3101,2339,2053,3367,7646,1635,3483,397,351,129,397,1062,447,375,325,1758,1635,3483,1236,34,34,94,36,31,28,656,104,52,82,266,42,70,287,118,40,46,1277,731,16,355,107,33,36,23,292
08020623,1259,325,1112,934,178,147,1259,36,84,33,118,197,237,180,374,671,147,325,12,51,24,49,70,50,39,30,169,147,325,105,0,0,12,3,0,0,51,15,0,15,27,3,9,18,9,6,3,150,68,6,64,34,0,3,0,28
08020624,1152,299,1021,853,168,131,1152,77,97,33,99,267,219,148,212,577,131,299,29,42,12,30,89,46,30,21,145,131,299,124,3,9,12,0,0,9,58,9,6,12,41,13,10,19,7,6,0,88,67,0,12,0,0,0,0,33
08020625,3307,831,2885,2476,409,422,3307,111,230,85,366,624,558,406,927,1600,422,831,60,112,21,107,234,147,69,81,383,422,831,272,6,15,27,9,9,12,123,18,0,16,63,15,12,40,9,12,9,300,208,0,70,40,12,16,6,78
08020726,8270,1751,7533,6519,1014,737,8270,345,515,217,748,1656,1467,1162,2160,4319,737,1751,140,184,66,167,514,301,229,150,889,737,1751,656,3,15,64,25,9,31,360,15,45,45,149,18,55,114,24,27,30,612,438,9,114,52,7,6,11,188
08020727,11450,2563,10473,8887,1586,977,11450,556,792,308,1094,2016,1831,1503,3350,6048,977,2563,263,403,123,253,689,382,268,182,1274,977,2563,719,18,15,36,26,18,6,422,19,39,39,299,53,152,156,54,27,36,1025,665,15,278,151,24,15,15,316
08020728,8285,2820,6941,5465,1476,1344,8285,492,664,276,951,1698,1214,1020,1970,4190,1344,2820,310,406,141,361,836,349,210,207,1403,1344,2820,757,22,49,62,30,4,10,394,59,34,45,316,44,154,330,156,25,100,1156,701,12,259,101,26,30,9,203
08030829,12300,5678,10022,6622,3400,2278,12300,748,1025,344,1139,2439,1602,1493,3510,6574,2278,5678,605,829,252,572,1548,774,652,446,2861,2278,5678,1278,16,79,69,31,19,6,847,55,49,38,364,48,154,530,198,73,121,2737,1802,13,679,254,83,14,82,619
08030830,7251,2581,6233,4670,1563,1018,7251,323,421,117,557,1301,952,928,2652,3917,1018,2581,252,325,78,262,717,349,317,281,1304,1018,2581,748,7,39,24,15,9,9,474,33,38,47,182,19,65,245,113,27,61,1090,782,11,193,86,7,12,49,297
08030831,16904,7747,13880,9157,4723,3024,16904,969,1441,511,1811,3519,2368,1973,4312,8920,3024,7747,737,1073,367,877,2113,1133,850,597,3921,3024,7747,1787,18,15,56,33,22,12,1327,62,70,81,744,60,449,632,273,82,161,3678,2601,37,655,267,99,15,100,907
08040932,2768,731,2506,2037,469,262,2768,143,204,68,207,530,322,360,934,1489,262,731,101,124,27,54,225,84,70,46,379,262,731,257,3,6,15,6,0,0,169,12,6,16,62,6,16,80,31,12,22,302,205,9,63,23,6,0,0,71
08040933,3922,1106,3457,2816,641,465,3922,150,204,86,393,679,640,539,1231,2071,465,1106,106,114,50,145,283,183,117,108,564,465,1106,271,3,22,33,9,9,6,119,10,6,21,110,15,55,56,13,6,13,506,378,0,97,49,9,6,15,148
08040934,2701,738,2412,1963,449,289,2701,135,211,80,304,500,453,453,565,1373,289,738,65,111,38,99,179,139,76,31,353,289,738,192,3,6,18,13,9,10,91,9,6,9,59,0,43,24,9,3,9,327,228,9,72,23,3,3,6,105
08041035,7875,1982,7099,5893,1206,776,7875,349,602,227,695,1347,1399,1195,2061,3979,776,1982,173,282,85,224,522,333,201,162,1009,776,1982,503,18,29,27,28,3,15,261,33,28,30,340,47,193,80,36,13,9,661,488,15,119,39,9,13,27,296
08041036,6805,1316,6268,5489,779,537,6805,259,497,216,633,1143,1244,1021,1792,3447,537,1316,112,190,74,114,358,234,134,100,634,537,1316,491,12,15,21,22,7,9,269,6,40,46,174,9,92,53,19,13,6,325,230,18,50,17,3,15,50,150
08041037,9609,1926,8757,7683,1074,852,9609,376,658,280,864,1701,1602,1444,2684,4943,852,1926,155,284,99,191,561,252,241,143,982,852,1926,723,13,24,64,24,21,15,386,47,33,28,286,47,150,89,24,23,21,584,373,12,123,35,33,6,18,159
08041038,6802,1318,6377,5484,893,425,6802,322,486,199,606,1148,1206,897,1938,3480,425,1318,137,172,71,136,347,219,130,106,651,425,1318,410,19,12,37,13,6,3,214,15,6,12,85,9,42,60,24,21,6,508,338,22,124,39,21,29,36,152
08041039,3738,1058,3394,2680,714,344,3738,246,357,161,399,970,600,383,622,1970,344,1058,120,196,67,100,290,153,86,46,536,344,1058,335,12,21,18,18,6,6,188,3,6,33,114,0,51,45,27,0,6,386,276,7,66,35,9,6,9,154
08041040,7952,1592,7396,6360,1036,556,7952,402,686,309,756,1567,1289,1162,1781,4163,556,1592,125,256,108,157,391,251,174,130,797,556,1592,559,24,15,25,12,16,6,366,13,9,30,148,15,82,106,57,19,15,527,384,0,99,21,24,28,27,135
09010101,11431,2912,9702,8519,1183,1729,11431,850,874,191,890,4620,1807,881,1318,5730,1729,2912,324,360,67,327,1282,341,139,72,1399,1729,2912,1109,92,36,144,92,71,82,222,91,57,24,215,58,69,174,76,40,16,766,431,12,187,50,3,95,143,140
09010102,69,9,60,60,0,9,69,3,9,9,6,21,15,3,3,32,9,9,0,3,0,0,6,0,0,0,3,9,9,0,0,0,0,0,0,0,0,0,0,0,0,0,0,0,0,0,0,0,0,0,0,0,0,0,0,0
09010201,4270,570,3995,3700,295,275,4270,370,316,94,270,1366,697,354,803,2225,275,570,90,83,18,42,241,63,27,6,307,275,570,280,24,9,31,33,13,31,42,9,12,9,19,0,7,63,27,9,6,83,21,0,26,0,6,18,9,24
09010202,6712,621,6344,6091,253,368,6712,246,245,66,651,1760,1020,750,1974,3500,368,621,92,36,6,109,247,69,38,24,292,368,621,256,12,15,9,6,0,12,105,33,22,12,55,15,19,58,27,9,6,156,52,0,66,27,0,10,18,34
09010301,14869,1554,13987,13315,672,882,14869,734,690,167,1543,4371,1973,1291,4100,7850,882,1554,159,157,37,267,639,164,88,43,771,882,1554,601,36,15,46,22,57,22,178,59,18,18,125,40,49,198,64,45,9,280,123,15,75,30,9,38,69,97
09010302,2941,553,2692,2388,304,249,2941,155,235,123,258,484,656,423,607,1456,249,553,60,73,36,74,148,96,36,30,285,249,553,126,12,9,6,6,0,3,31,21,16,13,117,30,44,12,9,0,3,225,195,3,21,6,3,3,3,56
09010401,7908,409,7694,7499,195,214,7908,341,385,126,581,1476,1187,881,2931,4248,214,409,46,52,10,70,126,60,30,15,209,214,409,175,3,0,9,6,3,0,70,6,18,6,27,0,18,64,31,6,21,112,36,0,31,3,4,0,15,6
09010402,10772,1140,10241,9632,609,531,10772,678,918,232,1014,2939,1934,1273,1784,5525,531,1140,122,187,43,140,358,156,82,52,566,531,1140,410,12,34,21,9,12,9,206,6,22,6,83,31,37,180,58,27,30,269,139,12,66,21,24,18,15,82
09020501,6212,1176,5348,5036,312,864,6212,428,422,127,1022,2191,861,530,631,2914,864,1176,117,125,41,243,438,126,55,31,506,864,1176,588,9,10,21,16,16,9,187,106,99,12,203,38,120,209,89,27,30,166,35,3,31,9,0,6,42,15
09020502,14433,1957,13243,12476,767,1190,14433,984,940,278,1854,4804,2031,1254,2288,7244,1190,1957,237,224,85,324,678,213,124,72,939,1190,1957,741,24,25,43,27,21,18,256,89,100,30,195,52,68,373,169,49,82,344,95,4,95,9,18,16,232,57
09020601,7202,1090,6462,6112,350,740,7202,483,414,120,910,2466,944,632,1233,3478,740,1090,119,109,30,197,427,113,64,31,441,740,1090,450,6,31,24,18,12,10,116,131,42,7,94,27,48,130,56,30,9,236,61,3,87,7,18,13,84,28
09020602,3504,156,3425,3348,77,79,3504,138,238,60,248,613,559,504,1144,1810,79,156,10,27,3,21,40,31,9,15,82,79,156,79,0,7,0,0,0,6,18,6,12,6,12,0,6,33,3,9,6,26,7,0,0,0,0,0,0,6
09020701,527,321,221,206,15,306,527,16,3,0,244,135,28,52,49,263,306,321,3,3,0,189,111,9,3,3,165,306,321,112,9,3,6,3,6,9,15,12,3,6,9,0,0,46,30,9,0,38,6,10,13,0,3,12,0,0
09020702,16003,1584,14928,14419,509,1075,16003,901,995,287,1722,4477,2466,1754,3401,8060,1075,1584,208,201,52,265,577,145,87,49,746,1075,1584,584,18,22,39,10,12,12,171,66,61,15,183,35,95,261,106,55,27,295,52,6,153,9,61,9,116,38
09020801,2897,143,2822,2754,68,75,2897,212,148,48,242,824,485,369,569,1494,75,143,19,13,3,9,51,30,12,6,79,75,143,67,0,0,3,3,0,3,28,0,6,0,3,0,3,30,9,3,3,18,0,0,9,0,0,3,6,0
09020802,7257,806,6770,6451,319,487,7257,523,646,167,709,2109,1049,753,1301,3663,487,806,99,103,30,80,314,92,73,15,379,487,806,377,6,13,20,6,17,3,217,21,25,15,43,19,3,186,77,32,40,131,28,3,30,15,3,12,40,15
09030901,12560,1300,11911,11260,651,649,12560,717,1040,315,1029,2788,2551,1711,2409,6294,649,1300,158,175,59,181,432,156,81,58,610,649,1300,475,19,39,33,14,12,9,227,24,34,21,141,18,44,148,71,6,22,380,195,0,82,6,34,9,27,69
09030902,5854,631,5560,5223,337,294,5854,400,560,174,639,1283,1060,798,940,3029,294,631,67,95,27,76,175,79,91,21,311,294,631,299,9,6,3,3,0,3,173,19,31,9,37,3,21,212,68,34,67,124,30,0,12,0,6,3,12,18
09030903,7789,957,7512,6832,680,277,7789,543,773,286,719,2059,1477,884,1048,3892,277,957,88,144,57,91,269,144,94,70,502,277,957,261,9,12,0,3,0,6,165,15,9,15,54,12,18,471,205,24,166,315,55,0,45,12,3,6,3,40
09031001,12307,879,11834,11428,406,473,12307,625,890,314,950,2491,2460,1799,2778,6227,473,879,87,116,21,91,303,139,79,43,409,473,879,427,6,12,11,13,6,24,221,39,12,3,34,0,13,117,43,22,18,173,88,6,33,0,12,12,31,35
09031101,5714,454,5395,5260,135,319,5714,273,339,94,377,1241,997,747,1646,2960,319,454,60,66,9,63,150,69,19,18,223,319,454,161,6,4,6,18,6,6,43,21,9,0,83,18,30,83,21,12,10,87,9,3,36,0,18,7,12,6
09031201,1774,115,1726,1659,67,48,1774,82,127,39,89,316,313,291,517,885,48,115,12,21,6,9,30,12,15,10,58,48,115,55,0,0,4,9,0,0,24,0,3,0,12,0,6,21,15,0,0,3,0,0,3,0,0,9,3,0
09031202,2361,153,2271,2208,63,90,2361,123,170,70,142,436,487,360,573,1199,90,153,15,21,0,10,45,35,12,15,85,90,153,50,0,3,0,0,7,6,22,0,0,0,3,0,3,61,19,12,18,24,0,0,3,0,0,0,18,9
09041301,14253,905,13637,13348,289,616,14253,488,772,244,954,2470,2246,2298,4781,7349,616,905,76,113,18,177,302,110,57,52,366,616,905,226,12,3,9,3,6,12,95,19,3,3,138,41,76,158,68,15,21,276,22,6,147,10,55,13,47,25
09041302,1794,110,1757,1684,73,37,1794,97,155,37,83,327,353,297,445,917,37,110,12,21,4,6,27,19,6,15,65,37,110,57,3,0,6,9,6,3,21,0,3,0,0,0,0,24,12,3,0,3,3,0,0,0,0,3,3,0
09041401,4827,547,4391,4280,111,436,4827,208,287,79,349,752,518,509,2125,2593,436,547,64,80,17,139,144,36,46,21,225,436,547,59,0,0,3,6,6,3,20,6,3,0,187,50,98,91,30,12,30,160,9,10,59,6,23,6,42,9
09041402,1468,131,1430,1337,93,38,1468,89,99,40,90,349,223,224,354,754,38,131,13,15,6,9,52,3,27,6,76,38,131,28,0,0,0,0,0,0,9,4,3,0,0,0,0,103,49,9,42,45,0,0,3,0,0,0,0,0
09041501,7146,759,6759,6387,372,387,7146,501,622,159,709,2163,1103,830,1059,3661,387,759,69,110,33,109,229,127,48,34,356,387,759,306,0,24,12,13,18,3,109,56,6,0,32,6,6,194,63,41,40,141,24,3,58,4,6,6,34,28
09041601,6511,279,6396,6232,164,115,6511,289,446,150,383,1125,1441,1105,1572,3250,115,279,28,44,6,25,67,52,36,21,148,115,279,123,0,0,6,3,0,0,62,22,12,0,3,3,0,64,31,9,9,41,6,0,16,0,4,3,3,12
09051701,3500,130,3424,3370,54,76,3500,170,191,66,203,668,523,444,1235,1875,76,130,21,12,6,9,49,6,18,9,61,76,130,66,0,6,3,3,6,0,21,12,0,3,3,0,0,24,9,9,0,15,3,0,9,0,6,3,3,0
09051702,14368,685,14024,13683,341,344,14368,785,1090,302,721,2917,2479,1621,4453,7786,344,685,91,118,19,55,213,108,51,30,379,344,685,348,7,9,21,15,19,19,116,18,24,3,19,0,4,96,40,15,12,65,15,13,13,6,0,27,9,16
09051801,9086,502,8854,8584,270,232,9086,410,708,230,466,1582,1845,1423,2422,4582,232,502,48,79,19,46,141,91,48,30,249,232,502,250,12,0,9,18,18,15,85,9,9,0,12,3,3,122,55,34,12,46,9,0,9,3,0,16,6,9
09051901,10085,642,9742,9443,299,343,10085,591,581,152,914,2878,1485,1144,2340,5274,343,642,70,61,12,86,238,97,27,51,343,343,642,264,9,3,30,15,9,13,103,27,9,0,27,9,9,162,92,19,30,99,36,0,24,3,0,6,36,15
09052001,12347,582,12051,11765,286,296,12347,505,763,256,759,2460,1962,1626,4016,6557,296,582,63,90,41,59,185,70,47,27,280,296,582,289,36,9,13,6,15,9,91,16,25,3,12,3,0,92,53,27,3,91,21,3,43,6,7,9,27,22
10010101,5577,1244,5055,4333,722,522,5577,382,504,123,582,1579,926,910,571,2803,522,1244,128,206,41,139,357,151,144,78,658,522,1244,230,6,3,12,0,0,0,152,3,9,15,63,0,16,700,310,56,239,324,12,0,18,6,3,7,206,23
10010102,17803,3766,16395,14037,2358,1408,17803,1345,1745,510,1767,4599,2705,2923,2209,8875,1408,3766,450,584,133,369,1108,439,406,277,1915,1408,3766,502,9,25,9,3,3,6,247,33,31,6,114,27,36,2284,1040,135,805,1085,70,6,34,0,6,6,653,59
10010203,809,369,497,440,57,312,809,39,39,12,170,298,127,96,28,227,312,369,30,33,6,101,134,39,19,7,140,312,369,50,3,0,0,0,0,3,19,7,9,0,51,0,45,89,39,7,15,116,9,3,49,3,15,0,85,0
10010204,10268,1907,9634,8361,1273,634,10268,722,936,256,850,2691,1133,2021,1659,5194,634,1907,212,285,98,198,550,195,211,158,949,634,1907,356,0,3,3,6,3,0,210,53,17,6,118,6,49,1075,415,80,469,606,30,0,33,0,6,0,173,51
10010205,8027,902,7636,7125,511,391,8027,560,663,148,869,2205,1039,1487,1056,3995,391,902,116,125,27,114,276,105,88,51,471,391,902,236,3,3,6,0,0,0,122,13,32,3,18,6,3,466,214,36,156,278,40,6,28,0,3,0,66,9
10010206,16437,2693,15220,13744,1476,1217,16437,909,1096,239,1487,3860,1841,3312,3693,8322,1217,2693,297,338,67,415,820,299,315,142,1363,1217,2693,659,6,6,30,3,15,12,208,33,188,3,78,15,36,1417,597,79,501,729,48,9,78,15,9,0,350,62
10010207,10692,2160,9782,8532,1250,910,10692,584,910,216,987,2416,1169,2093,2317,5495,910,2160,252,356,80,248,686,248,205,85,1111,910,2160,352,6,31,15,9,0,0,132,25,38,0,69,9,24,1093,457,88,398,644,89,3,56,3,9,0,347,78
10010308,1985,386,1762,1599,163,223,1985,128,97,27,179,484,324,292,454,932,223,386,53,31,3,85,120,55,30,9,162,223,386,101,9,6,3,0,3,0,36,3,7,3,55,22,24,91,42,9,16,56,9,0,19,3,6,0,54,18
10010309,14353,2610,13386,11743,1643,967,14353,675,930,240,1142,3281,1649,2417,4019,7474,967,2610,280,381,89,287,853,298,264,158,1345,967,2610,317,0,13,15,3,6,0,116,28,31,7,134,12,52,1637,748,132,475,770,65,3,73,3,18,7,244,83
10010310,17747,2861,16669,14886,1783,1078,17747,990,1288,370,1404,3887,2119,3401,4288,9040,1078,2861,354,411,95,335,847,353,313,153,1466,1078,2861,450,9,6,12,7,9,3,141,55,40,3,54,9,15,1574,738,116,520,747,59,6,42,0,12,6,456,92
10010311,2942,376,2858,2566,292,84,2942,191,202,59,175,705,456,377,777,1640,84,376,42,56,23,33,95,57,31,39,203,84,376,42,0,0,0,0,0,6,12,3,0,3,9,3,0,239,120,12,82,113,9,0,12,6,0,0,28,15
10020412,6687,1627,5937,5060,877,750,6687,734,801,223,819,1782,1000,710,618,3438,750,1627,277,241,67,189,490,174,106,83,838,750,1627,360,0,7,3,3,10,3,172,39,42,3,74,9,49,812,335,69,269,421,27,0,46,6,15,6,233,27
10020413,15054,1845,14188,13209,979,866,15054,1036,1046,255,1894,4001,2579,2209,2034,7816,866,1845,218,213,42,257,563,242,182,128,939,866,1845,541,9,15,3,3,6,3,205,53,112,9,61,3,13,896,430,55,275,514,57,4,97,13,31,3,93,21
10020414,1647,579,1534,1068,466,113,1647,105,152,53,228,474,221,181,233,840,113,579,37,106,31,59,173,94,52,27,292,113,579,48,0,0,3,3,0,0,30,3,0,3,12,0,3,462,234,40,165,206,12,0,12,0,0,0,21,12
10020415,5399,947,4785,4452,333,614,5399,473,535,149,653,1445,918,662,564,2745,614,947,162,125,30,143,318,101,44,24,486,614,947,418,0,47,3,7,9,6,223,37,40,0,33,0,18,229,87,22,66,192,22,0,58,6,15,0,108,12
10020416,5531,1244,4810,4287,523,721,5531,539,517,126,793,1695,894,572,395,2690,721,1244,151,140,27,194,439,143,110,40,564,721,1244,567,6,6,27,6,3,3,268,39,111,6,53,4,22,463,201,56,107,225,21,0,46,0,4,12,57,6
10020517,8794,635,8542,8159,383,252,8794,487,496,142,909,2023,1910,1409,1418,4574,252,635,69,83,12,73,175,102,67,54,314,252,635,159,6,6,3,0,9,3,80,12,9,3,15,0,12,273,115,31,85,161,6,0,43,3,9,0,74,26
10020518,5117,536,4835,4581,254,282,5117,436,476,168,632,1399,938,567,501,2567,282,536,78,72,32,69,170,52,41,22,269,282,536,237,0,3,6,10,0,3,102,22,18,12,40,9,6,166,38,27,74,124,19,6,16,0,4,0,39,16
10020519,5879,1415,4825,4464,361,1054,5879,630,684,143,827,1719,772,607,497,2875,1054,1415,226,221,40,241,489,100,71,27,651,1054,1415,422,0,9,10,6,9,7,190,23,70,3,194,46,61,401,182,40,64,390,46,6,188,0,65,0,104,6
10020620,3328,433,3148,2895,253,180,3328,228,152,32,474,913,550,568,411,1717,180,433,51,45,3,53,126,47,70,38,230,180,433,105,3,4,3,3,0,0,55,0,13,0,6,0,3,212,102,24,65,113,12,0,16,0,3,0,47,0
10020621,5999,715,5642,5284,358,357,5999,514,531,145,878,1723,962,683,563,3020,357,715,76,87,24,120,217,90,51,50,364,357,715,269,0,3,9,3,3,0,127,45,12,3,12,0,6,296,113,34,91,143,6,0,6,3,0,10,57,15
10020622,8706,921,8332,7785,547,374,8706,460,550,161,735,2090,1132,1550,2028,4712,374,921,89,121,39,86,312,91,107,76,486,374,921,296,0,6,0,0,9,9,156,41,32,0,68,9,33,395,163,48,121,203,31,7,9,3,0,15,34,34
10020623,6542,578,6349,5964,385,193,6542,339,386,116,433,1278,1293,1179,1518,3455,193,578,69,70,22,48,159,94,68,48,288,193,578,92,0,0,0,3,0,6,52,10,12,0,24,0,15,332,140,33,119,191,9,7,15,0,3,3,33,9
10030724,7737,1043,7023,6694,329,714,7737,275,420,157,823,1439,1352,1369,1902,3945,714,1043,47,63,24,439,279,102,63,26,498,714,1043,292,9,9,15,9,20,9,67,45,21,9,19,0,3,258,104,43,55,267,39,6,87,3,13,16,51,25
10030725,5818,699,5486,5119,367,332,5818,247,327,129,509,1345,890,1109,1262,2887,332,699,41,67,51,98,210,91,64,77,334,332,699,141,3,3,9,6,0,3,50,19,6,0,18,3,9,292,133,28,82,220,18,3,45,9,13,9,62,21
10030726,2887,227,2799,2660,139,88,2887,169,196,51,147,622,539,447,716,1493,88,227,31,33,0,24,71,33,29,6,114,88,227,68,3,0,0,0,0,3,25,22,6,0,9,0,3,104,40,6,30,42,3,0,0,0,0,0,12,0
10030727,9180,686,8932,8494,438,248,9180,424,710,214,553,1812,2007,1599,1861,4617,248,686,53,99,24,67,220,112,77,34,326,248,686,236,9,6,10,6,6,12,97,22,19,0,9,3,3,231,101,37,53,130,17,3,26,0,3,15,46,22
10040828,7582,385,7423,7197,226,159,7582,358,600,196,556,1507,1690,1367,1308,3823,159,385,34,61,18,39,104,57,45,27,197,159,385,112,0,3,0,6,6,7,33,15,9,0,3,0,3,176,83,33,30,84,24,0,21,3,0,0,3,6
10040829,3574,171,3485,3403,82,89,3574,157,268,104,253,729,749,526,788,1830,89,171,18,27,9,25,47,30,12,3,97,89,171,76,0,6,19,0,3,9,18,3,0,0,9,9,0,37,18,6,0,28,7,0,21,9,9,0,0,0
10040830,7500,380,7361,7120,241,139,7500,359,572,191,443,1401,1496,1404,1634,3776,139,380,41,74,9,30,94,51,52,29,194,139,380,106,13,9,15,0,0,3,35,9,3,3,9,0,6,129,47,6,25,67,0,3,15,0,0,15,18,16
10040931,9141,508,8949,8633,316,192,9141,423,648,215,603,1757,2104,1627,1764,4562,192,508,54,83,22,39,147,87,55,21,250,192,508,165,3,18,18,6,3,12,51,21,3,0,18,9,6,189,85,10,47,95,15,0,18,9,3,6,9,18
10040932,3922,262,3790,3660,130,132,3922,188,273,94,280,831,804,653,799,1956,132,262,22,36,16,26,103,32,24,3,120,132,262,96,0,16,0,3,0,0,31,6,21,3,18,15,0,111,38,18,34,52,9,0,0,0,0,9,0,0
10040933,14441,701,14142,13740,402,299,14441,668,1097,364,889,2738,3172,2492,3021,7259,299,701,81,103,27,69,213,100,87,21,371,299,701,299,6,21,18,12,12,6,93,13,48,3,12,0,3,238,113,29,35,116,15,0,38,7,13,12,7,18
11010101,580,60,542,520,22,38,580,15,40,12,45,141,133,112,82,222,38,60,0,7,0,6,19,19,6,3,22,38,60,33,0,3,0,0,0,0,13,10,0,0,7,0,3,6,0,0,6,9,3,0,0,0,0,3,0,6
11010102,2542,110,2503,2432,71,39,2542,107,221,53,144,485,632,513,387,1268,39,110,9,15,0,18,29,24,6,9,53,39,110,33,0,0,0,0,0,0,9,6,3,0,9,6,0,53,37,0,7,19,3,0,9,3,0,0,0,0
11010103,1268,94,1237,1174,63,31,1268,61,97,39,90,276,344,237,124,613,31,94,9,18,3,0,27,21,13,3,45,31,94,27,0,0,0,0,0,0,15,0,3,0,0,0,0,38,16,0,10,14,0,0,4,0,4,0,9,6
11010204,8861,2051,7871,6810,1061,990,8861,688,812,228,1022,2302,1519,1238,1052,4472,990,2051,248,308,83,266,627,202,208,109,1023,990,2051,372,0,6,9,6,13,0,184,33,40,9,118,6,67,851,408,61,270,488,34,3,86,3,24,9,444,43
11010205,6655,1501,5990,5154,836,665,6655,437,579,143,670,1722,1138,1111,855,3292,665,1501,157,239,64,174,429,186,202,50,739,665,1501,272,3,9,6,9,6,0,117,32,33,6,63,3,21,720,353,18,267,437,41,13,44,10,9,3,265,36
11010206,5855,890,5399,4965,434,456,5855,317,447,140,548,1291,1092,1066,954,3078,456,890,100,120,39,109,227,133,111,51,459,456,890,228,0,3,6,3,0,3,57,27,78,0,27,9,12,372,178,33,116,233,30,3,34,0,12,3,116,29
11010207,6905,872,6491,6033,458,414,6905,507,507,139,685,1945,1040,997,1085,3675,414,872,102,110,29,108,288,100,90,45,443,414,872,275,0,0,3,0,9,6,143,18,39,16,43,6,9,360,131,21,127,225,25,0,42,3,20,13,62,24
11010308,11045,2268,10055,8777,1278,990,11045,618,814,204,893,2453,1657,2282,2124,5605,990,2268,262,348,82,252,694,299,223,108,1155,990,2268,266,0,10,0,9,3,3,109,32,12,3,187,27,68,1031,467,68,325,591,52,3,76,9,22,3,501,50
11010309,9560,1878,8548,7682,866,1012,9560,623,865,255,871,2410,1548,1585,1403,4746,1012,1878,244,269,88,230,542,248,171,86,916,1012,1878,300,0,3,9,3,0,3,161,22,21,21,386,86,124,613,272,49,211,499,37,6,107,15,23,0,283,42
11010310,5210,466,5009,4744,265,201,5210,245,314,49,432,1174,696,1260,1040,2630,201,466,46,74,10,64,123,72,64,13,250,201,466,81,4,3,9,9,3,0,19,15,0,0,52,6,6,174,72,18,47,87,3,3,12,3,0,3,123,12
11020411,8016,1138,7246,6878,368,770,8016,528,498,157,823,1840,1309,1255,1606,3989,770,1138,161,131,30,223,409,102,55,27,543,770,1138,321,3,0,12,12,3,3,106,43,69,15,159,39,68,211,86,15,49,311,45,13,114,12,37,6,143,27
11020412,6130,804,5767,5326,441,363,6130,327,468,115,447,1432,860,977,1504,3235,363,804,95,136,30,78,243,106,74,42,401,363,804,144,9,6,12,0,6,3,59,6,6,3,40,19,9,308,109,55,81,171,34,3,30,3,0,0,187,25
11020513,3433,207,3335,3226,109,98,3433,217,285,80,189,800,612,489,761,1776,98,207,31,25,6,18,71,15,24,17,113,98,207,86,0,0,3,3,7,3,34,18,3,0,0,0,0,70,33,12,12,37,10,6,9,0,0,0,6,7
11020514,8441,1165,7557,7276,281,884,8441,526,541,139,863,2760,1326,860,1426,4353,884,1165,151,170,44,162,442,108,61,27,540,884,1165,231,10,6,12,6,9,12,80,54,15,6,196,48,106,286,133,35,53,340,27,15,143,3,87,12,120,15
11020515,14400,2758,12906,11642,1264,1494,14400,873,1046,339,1311,3630,1878,1954,3369,7493,1494,2758,367,412,113,337,864,346,210,109,1410,1494,2758,502,11,24,18,6,21,6,174,61,33,9,153,18,54,873,330,75,255,629,83,6,134,9,38,12,798,54
11020516,3700,299,3573,3401,172,127,3700,207,234,58,224,957,661,608,751,1875,127,299,33,51,9,21,111,40,27,7,151,127,299,79,3,0,0,6,0,0,42,10,9,0,18,6,6,50,18,6,17,70,12,3,12,0,0,0,66,15
11030617,6101,1640,5128,4461,667,973,6101,324,365,103,694,1489,659,539,1928,3180,973,1640,220,248,65,229,556,154,102,66,836,973,1640,252,3,3,6,3,7,3,97,44,16,4,194,32,59,441,195,51,85,500,76,7,257,0,55,3,320,21
11030618,15768,3231,13953,12537,1416,1815,15768,787,846,267,1625,3952,1949,1755,4587,8187,1815,3231,351,371,104,559,1124,358,213,151,1640,1815,3231,578,18,15,36,9,30,16,167,101,22,15,232,43,90,1100,423,136,301,995,79,15,299,9,60,6,453,64
11030619,10567,2591,9131,7976,1155,1436,10567,579,672,182,1260,2647,1253,1047,2927,5442,1436,2591,292,285,74,417,910,283,228,102,1301,1436,2591,504,12,33,31,12,15,12,183,57,18,0,88,27,37,966,405,81,300,615,70,10,114,9,24,6,546,37
11030720,5481,3394,2375,2087,288,3106,5481,302,265,70,1317,1879,704,441,503,2081,3106,3394,237,210,55,943,1358,362,184,45,1071,3106,3394,1567,19,22,33,12,29,9,556,253,150,46,440,126,146,395,88,34,31,721,27,13,309,3,123,9,199,27
11030721,22588,4277,19681,18311,1370,2907,22588,1433,1204,320,2603,8528,2880,2184,3436,11135,2907,4277,382,366,135,776,1638,503,362,115,1797,2907,4277,1549,33,28,100,43,64,48,578,187,104,58,446,106,148,747,298,112,136,906,108,14,347,10,111,36,418,111
11030824,10012,2941,8311,7071,1240,1701,10012,549,630,206,1395,2591,1343,980,2318,5043,1701,2941,286,299,89,666,958,336,188,119,1439,1701,2941,514,26,19,27,9,15,6,183,84,34,30,389,205,115,923,436,116,234,860,94,38,226,12,39,21,218,69
11040925,3644,633,3252,3011,241,392,3644,358,334,65,362,1751,499,184,91,1748,392,633,66,64,9,100,286,75,15,18,306,392,633,284,27,6,39,15,21,19,82,9,9,0,33,24,6,66,30,12,6,85,33,0,25,0,7,30,21,7
11040926,27464,4339,24745,23125,1620,2719,27464,1694,1457,366,3503,10462,3364,2795,3823,13694,2719,4339,476,421,82,731,1712,506,320,91,2069,2719,4339,1585,73,18,145,52,81,67,481,261,129,9,302,66,91,913,408,133,187,624,94,21,163,18,36,49,613,119
11041022,5134,1268,4332,3866,466,802,5134,222,235,52,696,1350,619,497,1463,2529,802,1268,139,135,22,236,431,176,93,36,583,802,1268,434,0,19,27,7,21,6,95,69,131,0,79,9,27,326,148,30,75,254,25,12,74,9,38,4,163,39
11041023,5903,1512,5074,4391,683,829,5903,422,429,116,693,1545,700,781,1217,3004,829,1512,197,193,57,217,483,184,129,52,748,829,1512,238,3,3,3,3,6,3,99,24,37,0,164,28,59,582,305,33,158,397,34,9,106,16,27,6,201,34
11041027,2701,520,2398,2181,217,303,2701,159,187,48,309,733,355,372,538,1329,303,520,61,76,18,63,168,58,48,28,245,303,520,141,9,3,9,3,12,0,42,13,32,3,64,16,24,189,100,15,50,107,15,3,15,6,0,3,39,6
11041128,24465,4343,21914,20122,1792,2551,24465,1027,1299,409,2459,5207,2851,2758,8455,13028,2551,4343,424,533,157,874,1380,425,341,209,2226,2551,4343,849,34,3,25,10,37,12,270,131,78,18,379,59,101,1498,665,184,360,1123,127,34,358,21,122,25,528,112
11051229,3438,436,3233,3002,231,205,3438,392,361,43,162,1237,498,326,419,1704,205,436,80,50,6,43,172,36,33,16,236,205,436,202,15,0,9,22,12,18,29,12,12,3,18,3,6,61,22,3,6,54,27,3,9,6,0,3,34,16
11051330,8406,1279,7505,7127,378,901,8406,578,539,162,1082,2797,1247,837,1164,4287,901,1279,80,71,18,471,489,81,42,27,560,901,1279,467,42,9,28,12,21,19,129,57,40,9,36,12,3,239,112,39,24,311,44,46,66,0,12,16,37,31
11051331,9593,735,9228,8858,370,365,9593,613,796,220,626,2393,1658,1200,2087,5013,365,735,90,111,22,88,242,91,67,24,365,365,735,253,24,12,12,12,9,15,82,16,6,0,55,25,15,272,129,36,30,91,24,3,19,3,4,9,29,21
11051332,6532,614,6266,5918,348,266,6532,664,753,179,356,1957,1128,617,878,3374,266,614,94,124,27,59,195,69,19,27,312,266,614,257,16,9,28,21,3,12,88,19,6,3,6,0,3,167,45,42,19,79,15,0,10,0,0,28,18,15
12103115,7448,2725,5961,4723,1238,1487,7448,422,487,173,923,1937,1179,904,1423,3785,1487,2725,263,308,104,337,925,347,253,188,1332,1487,2725,751,27,3,40,18,18,16,372,124,9,48,258,60,84,189,61,27,51,1176,733,21,266,107,19,9,18,223
12103116,9210,3749,7184,5461,1723,2026,9210,594,776,249,1220,2492,1496,1007,1376,4573,2026,3749,384,564,147,488,1215,476,276,199,1801,2026,3749,980,21,57,58,6,18,12,430,157,67,78,432,62,195,209,81,37,33,1706,1117,39,359,124,41,22,12,299
12103117,10136,4610,7471,5526,1945,2665,10136,675,761,245,1360,2761,1554,1177,1603,5000,2665,4610,508,540,154,651,1461,639,420,237,2236,2665,4610,1450,44,45,70,28,27,31,652,204,94,120,541,116,171,259,83,41,43,1947,1152,50,488,167,63,25,19,380
12103218,13032,4777,10624,8255,2369,2408,13032,798,929,334,1571,3067,2056,1509,2768,6734,2408,4777,526,608,192,603,1463,652,414,319,2370,2408,4777,1341,48,43,88,21,27,12,729,134,49,61,406,127,131,269,88,58,36,2048,1360,34,423,138,51,15,45,433
12103219,8571,3122,6964,5449,1515,1607,8571,481,568,177,985,2055,1234,1026,2045,4495,1607,3122,339,376,108,384,1004,416,271,224,1537,1607,3122,938,24,45,71,21,28,30,404,96,79,69,288,60,101,158,64,33,22,1310,810,21,321,107,13,21,24,284
12103220,4574,1084,4074,3490,584,500,4574,188,208,103,437,1087,769,670,1112,2368,500,1084,87,104,37,102,361,158,160,75,526,500,1084,428,22,0,30,9,12,9,266,18,9,18,90,12,45,115,41,21,28,344,192,12,66,15,6,9,6,64
12214125,7150,1637,6347,5513,834,803,7150,366,434,190,659,1681,1293,968,1559,3302,803,1637,143,189,76,148,577,271,116,117,694,803,1637,470,42,13,20,31,12,21,203,33,23,15,138,32,51,139,57,13,39,588,313,40,146,37,19,12,18,158
12214126,7532,2282,6553,5250,1303,979,7532,388,567,181,714,1689,1195,997,1801,3954,979,2282,195,285,87,220,684,321,283,207,1178,979,2282,714,40,60,27,19,11,9,362,27,25,58,193,34,67,466,222,51,91,791,473,35,108,12,25,15,22,174
12214421,2605,785,2174,1820,354,431,2605,151,182,49,290,709,434,299,491,1306,431,785,83,99,22,106,281,106,54,34,377,431,785,343,3,3,34,3,0,3,196,59,3,9,44,6,23,40,22,6,6,227,126,0,67,9,6,12,6,43
12214422,7714,4069,5573,3645,1928,2141,7714,531,764,221,965,2009,1135,819,1270,3825,2141,4069,419,597,172,521,1198,521,374,267,1952,2141,4069,1309,18,249,70,21,18,16,487,121,138,56,415,128,139,603,232,73,168,1503,813,25,345,124,20,30,33,280
12214423,5491,1815,4663,3676,987,828,5491,248,312,119,550,1171,769,757,1565,2845,828,1815,164,207,70,201,562,243,218,150,904,828,1815,566,18,27,18,13,0,9,317,62,19,30,171,49,45,288,165,34,43,610,421,28,79,16,15,3,22,173
12214424,10323,4594,7627,5729,1898,2696,10323,704,782,257,1319,2691,1618,1243,1709,5168,2696,4594,513,592,178,609,1459,625,376,242,2228,2696,4594,1474,48,78,81,20,26,16,551,299,136,99,627,176,233,329,151,40,49,1798,934,24,558,209,67,9,34,321
12214527,10492,1809,9539,8683,856,953,10492,413,537,195,856,2295,1641,1327,3228,5682,953,1809,147,201,57,158,590,281,183,192,926,953,1809,673,51,28,81,19,15,21,243,36,24,57,154,18,51,111,48,9,13,543,362,30,119,16,15,36,43,122
12214528,256,58,230,198,32,26,256,9,7,19,82,65,27,19,28,143,26,58,3,7,10,13,10,6,3,6,29,26,58,20,0,0,3,0,0,3,10,0,0,0,0,0,0,0,0,0,0,9,9,0,0,0,0,0,0,0
12224229,6029,696,5755,5333,422,274,6029,260,492,209,387,864,1111,913,1793,3068,274,696,61,124,67,46,154,125,68,51,348,274,696,297,33,15,18,21,21,21,96,3,6,15,52,12,19,69,33,18,3,154,62,21,38,0,6,18,21,36
12224230,17834,1888,17094,15946,1148,740,17834,825,1429,560,1271,2793,3257,2913,4786,9107,740,1888,193,268,99,154,462,298,231,183,1006,740,1888,810,63,52,40,58,36,72,278,21,34,30,134,15,41,139,60,30,18,458,239,55,67,6,10,26,43,153
12231101,16266,1721,15497,14545,952,769,16266,696,1282,502,1109,2554,2854,2403,4866,8460,769,1721,119,253,105,151,438,279,204,172,876,769,1721,844,100,35,82,75,24,83,247,16,39,27,97,15,28,125,54,18,22,297,115,30,88,6,31,64,15,103
12231102,16627,1672,15997,14955,1042,630,16627,787,1558,550,1039,2370,2918,2301,5104,8657,630,1672,168,304,70,111,337,285,209,188,911,630,1672,818,67,31,95,49,30,67,224,9,19,42,119,15,34,131,35,46,12,226,96,48,39,6,6,70,6,114
12301203,14755,3852,12342,10903,1439,2413,14755,699,1024,320,1551,3058,2353,1896,3854,7327,2413,3852,385,523,148,541,1151,493,372,239,1780,2413,3852,1055,63,40,58,36,18,28,518,86,15,63,726,197,278,334,132,39,36,1391,559,67,489,37,120,30,50,190
12301204,6353,1338,5657,5015,642,696,6353,319,477,224,624,1079,1127,896,1607,3251,696,1338,124,198,65,187,352,198,122,92,630,696,1338,412,88,6,33,9,31,9,142,9,30,21,121,25,24,80,28,21,9,527,186,34,166,25,52,21,32,81
12301205,4842,708,4567,4134,433,275,4842,222,394,141,400,944,805,676,1260,2519,275,708,51,114,30,72,221,103,75,42,327,275,708,346,61,18,24,12,3,6,149,12,12,12,39,12,3,70,27,9,13,137,70,6,39,12,0,18,6,48
12301206,5003,660,4777,4343,434,226,5003,222,424,151,380,801,910,837,1278,2550,226,660,68,116,30,43,166,94,83,60,334,226,660,268,54,3,12,9,0,11,127,0,7,15,51,6,12,54,33,6,9,139,90,6,25,6,0,3,3,73
12302107,2991,992,2599,1999,600,392,2991,111,210,108,323,485,508,436,810,1547,392,992,72,126,68,132,238,171,112,73,500,392,992,243,17,18,34,6,6,7,85,12,9,24,70,3,30,66,27,3,21,490,343,12,99,15,49,6,35,85
12302108,13423,4969,11246,8454,2792,2177,13423,881,1520,515,1258,2579,1701,1463,3506,7101,2177,4969,572,940,283,543,1311,635,420,265,2537,2177,4969,1478,52,6,123,14,24,6,959,121,55,32,343,37,159,541,259,33,139,2090,1186,33,470,141,63,12,76,360
12302109,11193,5270,8499,5923,2576,2694,11193,970,1335,406,1219,2562,1352,1094,2255,5770,2694,5270,701,946,271,564,1514,595,391,288,2631,2694,5270,1416,59,13,179,12,9,12,815,89,66,24,359,74,176,650,290,27,195,2415,1239,39,525,118,54,15,132,310
12302110,10066,5043,7582,5023,2559,2484,10066,866,1316,413,1146,2307,1248,1039,1731,5236,2484,5043,657,957,276,570,1412,575,411,185,2542,2484,5043,1192,38,42,143,16,16,3,710,63,41,22,344,41,196,754,489,48,118,2163,1115,27,575,167,42,24,64,393
12302211,3282,738,2989,2544,445,293,3282,85,176,84,285,529,596,476,1051,1676,293,738,35,94,34,90,181,146,87,71,355,293,738,272,16,3,31,6,3,12,135,21,18,3,61,25,15,65,27,4,19,219,152,6,27,6,0,3,30,67
12302212,5571,1955,4588,3616,972,983,5571,418,686,211,604,1223,774,552,1103,2810,983,1955,258,349,96,226,532,225,163,106,955,983,1955,711,44,6,52,13,15,21,344,13,113,24,179,47,68,207,103,15,18,706,334,33,184,34,23,3,13,121
12304313,6467,1160,5805,5307,498,662,6467,282,362,119,713,1484,1200,887,1420,3255,662,1160,109,120,34,141,371,164,132,89,575,662,1160,503,27,37,31,19,18,13,206,36,15,37,124,33,36,67,24,15,3,298,172,6,68,10,6,24,12,73
12304314,9666,1143,9156,8523,633,510,9666,376,540,227,837,1828,1715,1329,2814,5173,510,1143,93,122,47,96,318,215,142,110,600,510,1143,498,43,18,30,18,9,21,249,12,9,21,76,18,25,100,30,24,15,268,157,9,51,6,3,27,9,126
